Status,Last Plugin Update,Group IDs,Platform,Health,Profile UUID,Agent Name,Linked On,Last Scanned,IP Address,Version,Groups,Profile Name,Last Connect,Agent UUID,Agent ID
Online,2026-06-15T12:58Z,|119687|,WINDOWS (win-x86-64),WARNING,00000000-0000-0000-0000-000000000000,SRVTNB01,2025-08-03T17:54:36.551Z,2026-06-16T13:11:46.593Z,10.0.2.125,11.2.0 (#301),|Laboratorio|,Default,2026-06-16T19:20:29.860Z,00020268-5818-4ea4-9dc4-1c75e879ca38,6764131
Online,2026-06-16T01:51Z,|104424|,WINDOWS (win-x86-64),HEALTHY,00000000-0000-0000-0000-000000000000,NTB-MSS-072,2026-05-27T16:59:25.380Z,2026-06-16T14:47:56.812Z,192.168.0.11,11.2.0 (#301),|Administrativo|,Default,2026-06-16T19:34:55.435Z,02a153c9-50b2-425c-a015-efd1fd79a75b,10629499
Online,2026-06-16T08:07Z,|104424|,WINDOWS (win-x86-64),HEALTHY,00000000-0000-0000-0000-000000000000,NTB-MSS-047,2026-02-09T14:40:08.340Z,2026-06-16T15:35:42.881Z,10.10.0.246,11.2.0 (#301),|Administrativo|,Default,2026-06-16T19:47:09.667Z,0358b7c2-5287-42f9-b19c-32031966ae6e,9188451
Online,2026-06-16T08:07Z,|104424|,WINDOWS (win-x86-64),HEALTHY,00000000-0000-0000-0000-000000000000,NTB-MSS-025,2025-12-01T23:18:29.994Z,2026-06-15T21:36:12.277Z,192.168.1.78,11.2.0 (#301),|Administrativo|,Default,2026-06-16T19:27:43.525Z,0496bf81-0286-4e5f-9b34-b442147dfb70,8281509
Online,2026-06-16T01:51Z,|104424|,WINDOWS (win-x86-64),HEALTHY,00000000-0000-0000-0000-000000000000,NTB-MSS-050,2026-02-10T13:58:36.915Z,2026-06-16T13:16:12.686Z,10.10.0.84,11.2.0 (#301),|Administrativo|,Default,2026-06-16T19:24:59.983Z,09c862d2-40db-49d0-a91f-21140c7c3145,9204214
Online,2026-06-16T08:07Z,|104424|,WINDOWS (win-x86-64),HEALTHY,00000000-0000-0000-0000-000000000000,NTB-PMO-016,2026-01-05T13:01:12.446Z,2026-06-15T17:00:02.900Z,192.168.0.8,11.2.0 (#301),|Administrativo|,Default,2026-06-16T19:30:47.190Z,0a2eda41-34fe-4916-8582-a9983303e34d,8699790
Online,2026-06-15T12:58Z,|119687|,WINDOWS (win-x86-64),HEALTHY,00000000-0000-0000-0000-000000000000,SRVADMP01,2025-06-24T11:25:41.200Z,2026-06-16T12:53:10.700Z,10.0.2.87,11.2.0 (#301),|Laboratorio|,Default,2026-06-16T19:35:45.222Z,0d3e32e3-e10e-43ba-a612-82c64583e4ec,6220500
Online,2026-06-16T01:51Z,|104424|,WINDOWS (win-x86-64),HEALTHY,00000000-0000-0000-0000-000000000000,NTB-GRC-001,2025-05-15T16:24:33.442Z,2026-06-16T13:14:06.677Z,192.168.15.7,11.2.0 (#301),|Administrativo|,Default,2026-06-16T19:22:44.335Z,0df5996e-a9e5-441c-8cbb-feac93712028,5766590
Online,2026-06-16T01:51Z,|104424|,WINDOWS (win-x86-64),HEALTHY,00000000-0000-0000-0000-000000000000,NTB-MSS-040,2025-10-17T17:51:35.780Z,2026-06-16T13:08:32.213Z,192.168.3.21,11.2.0 (#301),|Administrativo|,Default,2026-06-16T19:17:13.804Z,0f08342b-031b-4a43-9cf8-42e3884efb80,7685380
Online,2026-06-16T01:51Z,|104424|,WINDOWS (win-x86-64),HEALTHY,00000000-0000-0000-0000-000000000000,NTB-COM-016,2026-02-19T06:35:24.900Z,2026-06-16T12:51:54.763Z,192.168.68.100,11.2.0 (#301),|Administrativo|,Default,2026-06-16T19:29:37.020Z,10d94532-b67d-4df1-af24-e1e4dfa80ded,9308333
Offline,2026-06-15T00:17Z,|104424|,WINDOWS (win-x86-64),HEALTHY,00000000-0000-0000-0000-000000000000,NTB-SVD-002,2025-01-22T21:31:44.883Z,2026-06-15T12:57:44.663Z,10.10.0.239,11.2.0 (#301),|Administrativo|,Default,2026-06-15T21:20:26.036Z,119bf8ee-a99d-4518-8888-68c8afa7421d,4216525
Online,2026-06-16T01:51Z,|104424|,WINDOWS (win-x86-64),HEALTHY,00000000-0000-0000-0000-000000000000,NTB-MSS-051,2026-02-10T19:49:00.129Z,2026-06-16T12:52:52.553Z,10.10.0.83,11.2.0 (#301),|Administrativo|,Default,2026-06-16T18:31:19.810Z,11d10e9c-777f-4cbf-83c6-8624bb93e246,9209735
Online,2026-06-15T19:29Z,|104424|,WINDOWS (win-x86-64),HEALTHY,00000000-0000-0000-0000-000000000000,NTB-SHD-F923Z64,2025-04-04T17:48:15.245Z,2026-06-13T12:52:14.422Z,192.168.5.49,11.2.0 (#301),|Administrativo|,Default,2026-06-16T19:42:31.609Z,12c14594-136c-4f09-8780-66c8eaa16297,5330262
Online,2026-06-16T01:51Z,|104424|,WINDOWS (win-x86-64),HEALTHY,00000000-0000-0000-0000-000000000000,NTB-PSS-003,2025-07-04T16:09:38.219Z,2026-06-16T13:02:17.710Z,192.168.15.54,11.2.0 (#301),|Administrativo|,Default,2026-06-16T19:47:05.342Z,1709f93c-43b6-4af9-bf00-9fb0173b4a0a,6374828
Online,2026-06-16T01:51Z,|104424|,WINDOWS (win-x86-64),HEALTHY,00000000-0000-0000-0000-000000000000,NTB-MSS-029,2025-04-28T14:01:54.154Z,2026-06-16T13:01:40.805Z,192.168.1.12,11.2.0 (#301),|Administrativo|,Default,2026-06-16T19:47:31.471Z,1b1fa7b9-dd7e-4dcf-97c1-50aef2ee3730,5591903
Online,2026-06-16T01:51Z,|104424|,WINDOWS (win-x86-64),HEALTHY,00000000-0000-0000-0000-000000000000,NTB-ADM-002,2025-06-04T20:15:50.439Z,2026-06-16T13:11:07.986Z,54.232.189.113,11.2.0 (#301),|Administrativo|,Default,2026-06-16T19:19:43.067Z,1bd61372-6db5-4400-bf63-95bac4c3d14e,5997541
Online,2026-06-16T01:51Z,|119687|,WINDOWS (win-x86-64),HEALTHY,00000000-0000-0000-0000-000000000000,SRVLAB010,2025-06-24T13:20:24.438Z,2026-06-16T13:04:13.089Z,10.0.2.37,11.2.0 (#301),|Laboratorio|,Default,2026-06-16T19:44:17.404Z,1ce9784c-327d-401a-960f-e95641c9f3e1,6223755
Online,2026-06-16T08:07Z,|104424|,WINDOWS (win-x86-64),HEALTHY,00000000-0000-0000-0000-000000000000,NTB-PSS-027,2026-03-24T16:34:34.404Z,2026-06-16T12:53:09.042Z,192.168.33.8,11.2.0 (#301),|Administrativo|,Default,2026-06-16T19:21:38.575Z,1f13d26f-426f-487f-b47b-c399760148f2,9772507
Online,2026-06-16T01:51Z,|104424|,WINDOWS (win-x86-64),HEALTHY,00000000-0000-0000-0000-000000000000,NTB-PSS-019,2024-03-13T16:39:03.156Z,2026-06-16T13:24:42.186Z,192.168.88.1,11.2.0 (#301),|Administrativo|,Default,2026-06-16T19:29:46.244Z,1f832a14-b014-4064-b530-8109862910db,2501403
Online,2026-06-16T08:07Z,|104424|,WINDOWS (win-x86-64),HEALTHY,00000000-0000-0000-0000-000000000000,NTB-MSS-016,2025-03-21T04:38:06.900Z,2026-06-16T13:09:06.094Z,192.168.56.1,11.2.0 (#301),|Administrativo|,Default,2026-06-16T19:23:30.168Z,20897ea5-90bd-4fd6-ae13-7e5693da9b41,5077241
Online,2026-06-15T12:58Z,|119687|,WINDOWS (win-x86-64),HEALTHY,00000000-0000-0000-0000-000000000000,SRVADAP01,2025-06-24T20:11:35.556Z,2026-06-16T13:44:39.803Z,10.0.2.84,11.2.0 (#301),|Laboratorio|,Default,2026-06-16T18:46:53.145Z,20bcef4b-69d9-4e1b-b087-b1695b67554a,6239887
Online,2026-06-16T01:51Z,|104424|,WINDOWS (win-x86-64),HEALTHY,00000000-0000-0000-0000-000000000000,NTB-PSS-018,2026-03-03T20:32:30.321Z,2026-06-16T12:39:58.515Z,192.168.18.156,11.2.0 (#301),|Administrativo|,Default,2026-06-16T19:22:09.507Z,2164e621-d54c-48d4-a4c8-b821f3b1882a,9488459
Offline,2026-05-16T15:05Z,|104424|,WINDOWS (win-x86-64),HEALTHY,00000000-0000-0000-0000-000000000000,NTB-FIN-001,2025-01-17T16:53:01.247Z,2026-05-15T22:37:06.326Z,192.168.18.8,11.1.3 (#25),|Administrativo|,Default,2026-05-18T02:39:10.242Z,226722a1-8607-4bdb-8fa3-6a76d754157f,4126535
Online,2026-06-15T12:58Z,|104424|,WINDOWS (win-x86-64),HEALTHY,00000000-0000-0000-0000-000000000000,NTB-PMO-006,2025-02-06T12:27:58.398Z,2026-06-16T13:08:28.307Z,192.168.0.18,11.2.0 (#301),|Administrativo|,Default,2026-06-16T19:50:38.088Z,23ad9c64-eb4d-4779-88be-e5e44080adfb,4423690
Online,2026-06-16T01:51Z,|104424|,WINDOWS (win-x86-64),HEALTHY,00000000-0000-0000-0000-000000000000,NTB-MSS-009,2025-07-16T17:29:05.847Z,2026-06-16T13:39:18.233Z,192.168.68.100,11.2.0 (#301),|Administrativo|,Default,2026-06-16T19:36:09.328Z,2424d09a-287f-4b66-81bb-cf528a9abc2a,6518742
Online,2026-06-15T12:58Z,|119687|,WINDOWS (win-x86-64),HEALTHY,00000000-0000-0000-0000-000000000000,SRVW22P360,2025-06-25T14:15:32.431Z,2026-06-16T13:07:12.041Z,10.0.3.104,11.2.0 (#301),|Laboratorio|,Default,2026-06-16T19:49:39.529Z,257d4f0c-9159-426d-a336-22a88fe491ba,6257129
Online,2026-06-15T12:58Z,|104424|,WINDOWS (win-x86-64),HEALTHY,00000000-0000-0000-0000-000000000000,NTB-VJFE59F11X,2026-05-13T14:09:15.095Z,2026-06-16T12:54:22.252Z,10.212.134.200,11.2.0 (#301),|Administrativo|,Default,2026-06-16T19:30:28.588Z,269f0c49-3833-4297-a546-5e2c0aafd4cd,10407119
Online,2026-06-16T01:51Z,|104424|,WINDOWS (win-x86-64),HEALTHY,00000000-0000-0000-0000-000000000000,NTB-TIC-002,2026-02-26T13:26:03.764Z,2026-06-16T13:39:44.280Z,192.168.56.1,11.2.0 (#301),|Administrativo|,Default,2026-06-16T19:41:07.537Z,29ba92fa-dcc5-428c-b054-880356c7f2ee,9415008
Online,2026-06-16T01:51Z,|104424|,WINDOWS (win-x86-64),HEALTHY,00000000-0000-0000-0000-000000000000,NTB-SVD-005,2026-05-04T14:48:49.708Z,2026-06-16T12:53:30.753Z,192.168.2.30,11.2.0 (#301),|Administrativo|,Default,2026-06-16T19:50:38.672Z,2ae12b2a-77e2-4997-9f35-b60a44c485a0,10273172
Online,2026-06-16T08:07Z,|104424|,WINDOWS (win-x86-64),HEALTHY,00000000-0000-0000-0000-000000000000,NTB-MSS-054,2026-06-08T20:39:07.274Z,2026-06-16T13:11:50.883Z,192.168.0.49,11.2.0 (#301),|Administrativo|,Default,2026-06-16T19:19:58.870Z,2b761ae9-00a1-4a68-a206-57eb5d38ca9d,10865687
Online,2026-06-15T19:29Z,|119687|,WINDOWS (win-x86-64),HEALTHY,00000000-0000-0000-0000-000000000000,SRVMSEXCG01,2025-06-24T11:24:44.266Z,2026-06-16T12:51:29.845Z,10.0.2.92,11.2.0 (#301),|Laboratorio|,Default,2026-06-16T19:33:59.673Z,2d3e41bd-65c0-4a37-8cad-aa7f44d55bde,6220492
Online,2026-06-16T01:51Z,|104424|,WINDOWS (win-x86-64),HEALTHY,00000000-0000-0000-0000-000000000000,NTB-MSS-043,2025-12-08T05:19:15.108Z,2026-06-16T12:50:51.857Z,192.168.15.166,11.2.0 (#301),|Administrativo|,Default,2026-06-16T19:50:04.575Z,2fb18248-d549-4004-8f89-32440dbee639,8362830
Online,2026-06-16T08:07Z,|119687|,WINDOWS (win-x86-64),HEALTHY,00000000-0000-0000-0000-000000000000,SRVMELOG01,2025-12-12T15:40:04.799Z,2026-06-16T13:11:48.510Z,10.0.2.15,11.2.0 (#301),|Laboratorio|,Default,2026-06-16T19:21:00.637Z,31a18e4d-11d3-4949-852e-15c0a775a26c,8439206
Online,2026-06-16T01:51Z,|104424|,WINDOWS (win-x86-64),HEALTHY,00000000-0000-0000-0000-000000000000,NTB-MSS-023,2025-08-13T01:22:24.480Z,2026-06-16T13:18:24.785Z,192.168.2.155,11.2.0 (#301),|Administrativo|,Default,2026-06-16T19:27:03.312Z,3291b588-ee36-4991-9e83-d745de48570d,6876205
Online,2026-06-16T01:51Z,|104424|,WINDOWS (win-x86-64),HEALTHY,00000000-0000-0000-0000-000000000000,NTB-SHD-E0BNFGL,2026-01-12T14:44:53.705Z,2026-06-16T13:10:33.231Z,192.168.15.14,11.2.0 (#301),|Administrativo|,Default,2026-06-16T19:38:38.874Z,334b626b-0a3d-47e2-aacc-be687944e17a,8792634
Online,2026-06-16T01:51Z,|104424|,WINDOWS (win-x86-64),HEALTHY,00000000-0000-0000-0000-000000000000,NTB-GRC-005,2026-05-06T14:28:20.050Z,2026-06-16T12:57:43.797Z,192.168.5.147,11.2.0 (#301),|Administrativo|,Default,2026-06-16T19:30:19.202Z,33dcfa67-97c8-4de7-a04d-3e6ff4f83a73,10305616
Online,2026-06-16T01:51Z,|104424|,WINDOWS (win-x86-64),HEALTHY,00000000-0000-0000-0000-000000000000,NTB-PMO-023,2026-04-30T15:32:52.325Z,2026-06-16T13:01:57.917Z,192.168.68.103,11.2.0 (#301),|Administrativo|,Default,2026-06-16T19:44:09.480Z,35685e4c-8587-4734-868c-fcdec7820753,10235404
Online,2026-06-16T08:07Z,|104424|,WINDOWS (win-x86-64),HEALTHY,00000000-0000-0000-0000-000000000000,NTB-ADM-007,2026-03-04T14:29:43.535Z,2026-06-16T12:58:43.644Z,192.168.0.30,11.2.0 (#301),|Administrativo|,Default,2026-06-16T19:41:03.053Z,35c6f143-05cd-4e94-8478-15f2f36a8835,9501056
Online,2026-06-15T12:58Z,|119687|,WINDOWS (win-x86-64),HEALTHY,00000000-0000-0000-0000-000000000000,SRVVEEAM01,2025-10-08T23:37:45.743Z,2026-06-16T13:08:35.394Z,10.0.2.14,11.2.0 (#301),|Laboratorio|,Default,2026-06-16T19:17:27.055Z,36a329e3-3b57-4e54-ad4e-156c0cc7f0a8,7564639
Online,2026-06-16T01:51Z,|104424|,WINDOWS (win-x86-64),HEALTHY,00000000-0000-0000-0000-000000000000,NTB-MSS-013,2025-07-22T17:46:21.691Z,2026-06-16T13:05:39.550Z,192.168.15.10,11.2.0 (#301),|Administrativo|,Default,2026-06-16T19:26:21.119Z,377da0df-c9bf-4521-9dbb-ac267070b3d9,6595738
Online,2026-06-15T12:58Z,|119687|,WINDOWS (win-x86-64),HEALTHY,00000000-0000-0000-0000-000000000000,SRVSQL01,2025-12-12T20:57:54.659Z,2026-06-16T13:01:57.643Z,10.0.2.4,11.2.0 (#301),|Laboratorio|,Default,2026-06-16T19:44:40.209Z,3b16b348-aa60-4ae0-b036-3592a498d1f4,8442689
Online,2026-06-16T01:51Z,|104424|,WINDOWS (win-x86-64),HEALTHY,00000000-0000-0000-0000-000000000000,NTB-MSS-011,2025-08-26T21:43:08.095Z,2026-06-16T14:50:05.011Z,10.10.0.144,11.2.0 (#301),|Administrativo|,Default,2026-06-16T19:23:23.374Z,3df13b91-a413-45a4-9d50-196a702bf3c5,7042447
Online,2026-06-16T08:07Z,|104424|,WINDOWS (win-x86-64),HEALTHY,00000000-0000-0000-0000-000000000000,NTB-GRC-010,2026-04-22T17:39:04.977Z,2026-06-16T16:59:07.690Z,192.168.15.8,11.2.0 (#301),|Administrativo|,Default,2026-06-16T19:18:40.615Z,3ef677ad-6fe2-489b-9dfe-9e6db93f324f,10130508
Offline,2026-06-16T01:51Z,|104424|,WINDOWS (win-x86-64),HEALTHY,00000000-0000-0000-0000-000000000000,NTB-MSS-031,2024-03-13T15:05:14.390Z,2026-06-16T13:00:13.022Z,192.168.80.1,11.2.0 (#301),|Administrativo|,Default,2026-06-16T17:26:44.491Z,3fe95d0e-de44-488b-8091-285f323f6d70,2501283
Online,2026-06-16T01:51Z,|104424|,WINDOWS (win-x86-64),HEALTHY,00000000-0000-0000-0000-000000000000,NTB-MSS-004,2025-12-05T17:12:15.398Z,2026-06-16T13:06:24.355Z,10.10.0.198,11.2.0 (#301),|Administrativo|,Default,2026-06-16T19:48:35.347Z,449b0daa-9eae-49ce-a157-95d4246f0c3b,8345047
Online,2026-06-16T01:51Z,|119687|,WINDOWS (win-x86-64),HEALTHY,00000000-0000-0000-0000-000000000000,SRVPSMW01,2025-08-05T14:50:49.813Z,2026-06-16T13:14:31.285Z,10.0.2.98,11.2.0 (#301),|Laboratorio|,Default,2026-06-16T19:30:12.281Z,4ccbe2e2-5f69-48e2-8c88-0d55b01be558,6790274
Online,2026-06-15T12:58Z,|104424|,WINDOWS (win-x86-64),HEALTHY,00000000-0000-0000-0000-000000000000,NTB-MSS-030,2025-10-14T21:05:41.525Z,2026-06-16T13:33:48.846Z,192.168.100.25,11.2.0 (#301),|Administrativo|,Default,2026-06-16T19:42:34.422Z,50a59490-bac7-46c0-86a4-16b9a8278252,7638939
Online,2026-06-16T01:51Z,|104424|,WINDOWS (win-x86-64),HEALTHY,00000000-0000-0000-0000-000000000000,NTB-SHD-E0BFTAL,2025-03-26T20:50:58.695Z,2026-06-16T13:18:22.523Z,100.64.0.1,11.2.0 (#301),|Administrativo|,Default,2026-06-16T19:23:36.400Z,514209a2-f5be-4ed6-aabe-485b0f2534d5,5168000
Online,2026-06-16T01:51Z,|104424|,WINDOWS (win-x86-64),HEALTHY,00000000-0000-0000-0000-000000000000,NTB-MSS-005,2024-03-13T16:44:38.426Z,2026-06-16T12:52:30.576Z,192.168.2.106,11.2.0 (#301),|Administrativo|,Default,2026-06-16T19:34:39.579Z,51d01c94-37b1-4b08-9bbc-8e94ace934ef,2501410
Online,2026-06-16T01:51Z,|104424|,WINDOWS (win-x86-64),HEALTHY,00000000-0000-0000-0000-000000000000,NTB-SHD-E0B51L7,2025-10-30T13:09:52.425Z,2026-06-16T15:03:19.138Z,192.168.1.10,11.2.0 (#301),|Administrativo|,Default,2026-06-16T19:33:19.403Z,52309271-d6d4-42ec-833b-85b1f55d3f12,7845090
Online,2026-06-15T19:29Z,|104424|,WINDOWS (win-x86-64),HEALTHY,00000000-0000-0000-0000-000000000000,NTB-COM-015,2025-12-09T20:13:21.509Z,2026-06-16T13:08:09.642Z,192.168.15.27,11.2.0 (#301),|Administrativo|,Default,2026-06-16T19:50:38.571Z,58098ea1-46d1-40ef-b86f-e05f76aa05a1,8391921
Online,2026-06-16T01:51Z,|104424|,WINDOWS (win-x86-64),HEALTHY,00000000-0000-0000-0000-000000000000,NTB-PMO-011,2025-10-06T13:00:21.786Z,2026-06-16T12:50:45.912Z,192.168.0.247,11.2.0 (#301),|Administrativo|,Default,2026-06-16T19:33:06.230Z,5b2525c1-1694-4655-bb89-24b401b750ec,7524713
Online,2026-06-16T01:51Z,|119687|,WINDOWS (win-x86-64),HEALTHY,00000000-0000-0000-0000-000000000000,DKTLAB05,2025-07-09T13:29:48.056Z,2026-06-16T12:46:12.086Z,10.0.3.107,11.2.0 (#301),|Laboratorio|,Default,2026-06-16T19:28:26.333Z,5b4ca810-b196-43ba-9771-b50d2002a1a5,6423582
Offline,2026-06-16T01:51Z,|104424|,WINDOWS (win-x86-64),HEALTHY,00000000-0000-0000-0000-000000000000,BYD-CISO-001,2026-02-12T18:19:03.081Z,2026-06-15T21:54:10.105Z,192.168.100.164,11.2.0 (#301),|Administrativo|,Default,2026-06-16T12:37:00.815Z,5c7cda1f-dde3-4ff2-a3e5-fa56c0cf4f97,9242025
Online,2026-06-16T01:51Z,|104424|,WINDOWS (win-x86-64),HEALTHY,00000000-0000-0000-0000-000000000000,NTB-ADM-006,2025-04-23T22:05:25.830Z,2026-06-16T13:22:18.850Z,192.168.15.14,11.2.0 (#301),|Administrativo|,Default,2026-06-16T19:48:16.550Z,5d0aea5d-3824-491e-9321-6a269f7fe6f9,5547841
Online,2026-06-16T08:07Z,|104424|,WINDOWS (win-x86-64),HEALTHY,00000000-0000-0000-0000-000000000000,NTB-COM-001,2025-04-14T11:37:52.307Z,2026-06-16T13:06:51.263Z,192.168.100.172,11.2.0 (#301),|Administrativo|,Default,2026-06-16T19:18:06.027Z,5f6bb9b6-3e8f-4c19-aff2-83b7b650a527,5444795
Online,2026-06-16T01:51Z,|104424|,WINDOWS (win-x86-64),HEALTHY,00000000-0000-0000-0000-000000000000,NTB-PSS-023,2025-10-17T17:56:06.783Z,2026-06-16T12:55:47.265Z,192.168.3.8,11.2.0 (#301),|Administrativo|,Default,2026-06-16T19:38:00.631Z,60b568db-78dd-4128-8e80-6ba0eebfad4d,7685416
Online,2026-06-16T01:51Z,|104424|,WINDOWS (win-x86-64),HEALTHY,00000000-0000-0000-0000-000000000000,NTB-CTO-003,2026-01-16T18:49:22.567Z,2026-06-16T14:23:00.074Z,192.168.68.53,11.2.0 (#301),|Administrativo|,Default,2026-06-16T19:24:40.055Z,618e17f9-d155-4c81-98ba-b88cff709cb6,8864776
Online,2026-06-16T08:07Z,|104424|,WINDOWS (win-x86-64),HEALTHY,00000000-0000-0000-0000-000000000000,NTB-ADM-004,2025-08-25T18:20:46.124Z,2026-06-16T13:07:12.733Z,192.168.1.103,11.2.0 (#301),|Administrativo|,Default,2026-06-16T19:39:03.664Z,623fb393-31e2-4036-9bc8-271aa09fd537,7025365
Online,2026-06-16T01:51Z,|104424|,WINDOWS (win-x86-64),HEALTHY,00000000-0000-0000-0000-000000000000,NTB-MSS-012,2025-07-22T16:09:55.558Z,2026-06-16T13:36:14.570Z,192.168.15.25,11.2.0 (#301),|Administrativo|,Default,2026-06-16T19:44:59.800Z,63bece80-e9e2-40a1-b0b4-1a76d7a7b828,6594856
Online,2026-06-16T01:51Z,|104424|,WINDOWS (win-x86-64),HEALTHY,00000000-0000-0000-0000-000000000000,NTB-PMO-020,2026-02-04T19:41:23.132Z,2026-06-16T13:10:21.423Z,192.168.24.8,11.2.0 (#301),|Administrativo|,Default,2026-06-16T19:21:45.609Z,64fd30f9-30a0-4d7c-a2ce-3b1c5e620b4f,9129609
Online,2026-06-16T01:51Z,|104424|,WINDOWS (win-x86-64),HEALTHY,00000000-0000-0000-0000-000000000000,NTB-MSS-008,2024-03-13T15:27:16.735Z,2026-06-16T12:44:48.361Z,192.168.56.1,11.2.0 (#301),|Administrativo|,Default,2026-06-16T19:32:31.899Z,65512a1e-0594-463f-81c2-824baa5f9164,2501314
Online,2026-06-16T01:51Z,|104424|,WINDOWS (win-x86-64),HEALTHY,00000000-0000-0000-0000-000000000000,NTB-COM-014,2026-01-09T13:34:46.507Z,2026-06-16T12:53:33.653Z,192.168.15.9,11.2.0 (#301),|Administrativo|,Default,2026-06-16T17:55:11.978Z,65f00e8f-761a-44f4-90af-a88ef74e9685,8764831
Online,2026-06-16T01:51Z,|104424|,WINDOWS (win-x86-64),HEALTHY,00000000-0000-0000-0000-000000000000,NTB-COM-004,2025-09-15T20:51:07.699Z,2026-06-16T13:07:02.078Z,192.168.18.11,11.2.0 (#301),|Administrativo|,Default,2026-06-16T19:17:11.884Z,679bed5f-d7ff-4953-a14f-3c4ddf4fa84c,7283147
Online,2026-06-16T01:51Z,|104424|,WINDOWS (win-x86-64),HEALTHY,00000000-0000-0000-0000-000000000000,NTB-PSS-020,2024-03-13T15:25:27.740Z,2026-06-16T13:11:37.425Z,192.168.56.1,11.2.0 (#301),|Administrativo|,Default,2026-06-16T19:20:12.124Z,67e6d7be-9b8d-434e-ad3e-289944b2a85f,2501311
Online,2026-06-16T01:51Z,|104424|,WINDOWS (win-x86-64),HEALTHY,00000000-0000-0000-0000-000000000000,NTB-PSS-024,2025-10-17T18:42:03.071Z,2026-06-16T13:57:16.745Z,192.168.0.60,11.2.0 (#301),|Administrativo|,Default,2026-06-16T19:32:34.026Z,6ae2868b-858a-42c8-bc1e-a8a83b7aceaf,7686132
Online,2026-06-16T08:07Z,|104424|,WINDOWS (win-x86-64),HEALTHY,00000000-0000-0000-0000-000000000000,NTB-MSS-020,2024-06-12T11:33:24.787Z,2026-06-16T16:21:39.735Z,192.168.56.1,11.2.0 (#301),|Administrativo|,Default,2026-06-16T19:42:42.012Z,7269bb4b-7527-4969-8d35-1b6224c94929,2626607
Online,2026-06-16T08:07Z,|104424|,WINDOWS (win-x86-64),HEALTHY,00000000-0000-0000-0000-000000000000,NTB-PSS-026,2025-08-11T16:28:42.455Z,2026-06-16T14:39:30.938Z,192.168.1.219,11.2.0 (#301),|Administrativo|,Default,2026-06-16T19:45:28.157Z,7549c0a3-8811-4d57-a448-5d316f4acc60,6857497
Online,2026-06-16T01:51Z,|119687|,WINDOWS (win-x86-64),HEALTHY,00000000-0000-0000-0000-000000000000,SRVPVWA01,2025-08-03T17:35:57.568Z,2026-06-16T13:15:33.622Z,10.0.2.71,11.2.0 (#301),|Laboratorio|,Default,2026-06-16T19:28:54.387Z,7a0c2a56-908b-45a0-b7a6-911c5c6800e0,6764068
Online,2026-06-16T01:51Z,|104424|,WINDOWS (win-x86-64),HEALTHY,00000000-0000-0000-0000-000000000000,NTB-COM-003,2026-02-13T20:23:10.985Z,2026-06-16T13:21:07.493Z,192.168.0.135,11.2.0 (#301),|Administrativo|,Default,2026-06-16T19:37:48.392Z,7bfc4197-7db3-4027-85ff-fc10784bbe9f,9260293
Online,2026-06-16T01:51Z,|104424|,WINDOWS (win-x86-64),HEALTHY,00000000-0000-0000-0000-000000000000,NTB-PSS-005,2025-09-23T14:33:25.651Z,2026-06-16T13:56:29.740Z,192.168.0.3,11.2.0 (#301),|Administrativo|,Default,2026-06-16T19:31:42.417Z,7c8c95cb-8485-4f6a-ab8b-3c4a22974772,7364570
Online,2026-06-16T01:51Z,|104424|,WINDOWS (win-x86-64),HEALTHY,00000000-0000-0000-0000-000000000000,NTB-DEV-001,2025-12-08T19:36:59.290Z,2026-06-16T14:05:11.574Z,192.168.18.4,11.2.0 (#301),|Administrativo|,Default,2026-06-16T19:43:34.599Z,7e649c88-38fe-4070-a2ab-7564d314513c,8374915
Online,2026-06-16T01:51Z,|104424|,WINDOWS (win-x86-64),HEALTHY,00000000-0000-0000-0000-000000000000,NTB-PSS-028,2026-05-05T18:30:32.646Z,2026-06-16T13:27:23.699Z,192.168.43.205,11.2.0 (#301),|Administrativo|,Default,2026-06-16T19:36:12.074Z,7ec0f03d-599c-4423-8f99-4027a1592030,10292656
Offline,2026-06-01T06:49Z,|104424|,WINDOWS (win-x86-64),HEALTHY,00000000-0000-0000-0000-000000000000,NTB-PMO-002,2024-06-11T21:19:51.084Z,2026-06-01T15:39:27.025Z,192.168.15.14,11.2.0 (#301),|Administrativo|,Default,2026-06-03T14:31:18.676Z,7f3720cf-4038-4480-bf39-21572517f0af,2624621
Offline,2026-06-08T04:36Z,|104424|,WINDOWS (win-x86-64),HEALTHY,00000000-0000-0000-0000-000000000000,NTB-PSS-007,2026-04-20T15:36:12.940Z,2026-05-26T12:51:42.129Z,192.168.2.19,11.2.0 (#301),|Administrativo|,Default,2026-06-08T12:22:43.483Z,7fe3641a-df14-486a-a491-104853a8c5bf,10101596
Online,2026-06-16T01:51Z,|104424|,WINDOWS (win-x86-64),HEALTHY,00000000-0000-0000-0000-000000000000,NTB-MSS-017,2024-12-31T23:05:04.699Z,2026-06-16T13:23:25.217Z,192.168.15.7,11.2.0 (#301),|Administrativo|,Default,2026-06-16T19:39:30.031Z,80854734-38b5-4139-9e2f-12ea000c362b,3978587
Online,2026-06-16T01:51Z,|104424|,WINDOWS (win-x86-64),HEALTHY,00000000-0000-0000-0000-000000000000,NTB-MSS-041,2025-11-03T20:04:19.541Z,2026-06-16T12:47:47.164Z,192.168.0.4,11.2.0 (#301),|Administrativo|,Default,2026-06-16T19:19:40.694Z,83f6b127-c35e-4fb6-b8d8-37f2a21be1e7,7893553
Offline,2026-06-04T12:19Z,|104424|,WINDOWS (win-x86-64),HEALTHY,00000000-0000-0000-0000-000000000000,NTB-DIR-001,2024-03-14T05:09:08.885Z,2026-06-06T17:31:29.554Z,54.232.189.113,11.2.0 (#301),|Administrativo|,Default,2026-06-06T20:52:45.214Z,84394634-510e-4690-a8c0-ac022f0ec6bb,2503985
Online,2026-06-16T01:51Z,|104424|,WINDOWS (win-x86-64),HEALTHY,00000000-0000-0000-0000-000000000000,NTB-TIC-001,2026-04-22T13:52:22.375Z,2026-06-16T12:42:31.072Z,10.10.0.89,11.2.0 (#301),|Administrativo|,Default,2026-06-16T19:28:15.677Z,85516a92-4612-4487-a84a-2edeaa40a16f,10127260
Online,2026-06-15T19:29Z,|119687|,WINDOWS (win-x86-64),HEALTHY,00000000-0000-0000-0000-000000000000,SRVADSSF01,2025-06-25T14:20:09.354Z,2026-06-16T13:14:22.191Z,10.0.2.96,11.2.0 (#301),|Laboratorio|,Default,2026-06-16T19:23:06.048Z,85ee6136-4890-44af-87f6-34cfd32f6f63,6257224
Online,2026-06-16T01:51Z,|104424|,WINDOWS (win-x86-64),HEALTHY,00000000-0000-0000-0000-000000000000,NTB-TIC-005,2026-05-04T14:50:21.990Z,2026-06-16T12:44:16.769Z,192.168.2.23,11.2.0 (#301),|Administrativo|,Default,2026-06-16T19:31:11.162Z,87a48b53-bfa3-4dd8-9d5e-be8d28c7fbde,10273188
Online,2026-06-16T01:51Z,|104424|,WINDOWS (win-x86-64),HEALTHY,00000000-0000-0000-0000-000000000000,NTB-PSS-011,2024-06-17T20:48:45.610Z,2026-06-16T12:56:11.714Z,192.168.0.103,11.2.0 (#301),|Administrativo|,Default,2026-06-16T19:38:56.227Z,8a0a4b9e-6947-47f0-899d-907f256d42f6,2646355
Online,2026-06-15T19:29Z,|119687|,WINDOWS (win-x86-64),HEALTHY,00000000-0000-0000-0000-000000000000,SRVDC02,2025-06-24T14:13:57.192Z,2026-06-16T13:03:07.967Z,10.0.2.5,11.2.0 (#301),|Laboratorio|,Default,2026-06-16T19:45:15.569Z,8a439d0a-e63a-4cbb-8e19-058c10a9d6f2,6225901
Online,2026-06-16T08:07Z,|104424|,WINDOWS (win-x86-64),HEALTHY,00000000-0000-0000-0000-000000000000,NTB-MSS-071,2026-05-26T19:35:13.064Z,2026-06-16T16:27:00.634Z,192.168.18.185,11.2.0 (#301),|Administrativo|,Default,2026-06-16T19:48:03.099Z,8b35400b-4879-4986-8721-9d2b73aef3ba,10609262
Online,2026-06-13T22:23Z,|104424|,WINDOWS (win-x86-64),HEALTHY,00000000-0000-0000-0000-000000000000,NTB-PSS-002,2025-07-07T20:12:12.617Z,2026-06-16T12:51:05.486Z,192.168.0.130,11.1.2 (#13),|Administrativo|,Default,2026-06-16T19:33:24.388Z,8b527f58-8eec-4ed6-87dc-516b33e46693,6401530
Online,2026-06-12T07:27Z,|104424|,WINDOWS (win-x86-64),WARNING,00000000-0000-0000-0000-000000000000,NTB-PMO-026,2026-05-22T20:42:47.154Z,2026-06-16T13:44:31.651Z,192.168.15.38,11.2.0 (#301),|Administrativo|,Default,2026-06-16T19:19:42.495Z,8c8380cc-bb13-45ec-b2d1-1152c307523d,10558499
Online,2026-06-16T08:07Z,|104424|,WINDOWS (win-x86-64),HEALTHY,00000000-0000-0000-0000-000000000000,NTB-PSS-009,2024-08-16T19:04:20.152Z,2026-06-16T13:30:41.680Z,192.168.15.144,11.2.0 (#301),|Administrativo|,Default,2026-06-16T19:39:17.387Z,8eef3758-80f6-4d32-98de-4dbaf4246381,2828872
Online,2026-06-16T01:51Z,|104424|,WINDOWS (win-x86-64),HEALTHY,00000000-0000-0000-0000-000000000000,NTB-MSS-027,2025-02-07T16:53:55.924Z,2026-06-16T14:51:50.705Z,192.168.15.3,11.2.0 (#301),|Administrativo|,Default,2026-06-16T19:19:54.804Z,919b6a96-8984-4e16-b016-8e6128d384c3,4452834
Online,2026-06-15T12:58Z,|104424|,WINDOWS (win-x86-64),HEALTHY,00000000-0000-0000-0000-000000000000,NTB-GRC-007,2026-02-02T18:35:50.773Z,2026-06-16T13:09:39.843Z,192.168.0.61,11.2.0 (#301),|Administrativo|,Default,2026-06-16T19:33:04.493Z,94759c49-5a34-4f1e-bec4-f37481e52a4d,9094076
Online,2026-06-16T01:51Z,|104424|,WINDOWS (win-x86-64),HEALTHY,00000000-0000-0000-0000-000000000000,NTB-SOC-003,2025-08-27T12:47:13.726Z,2026-06-16T12:39:02.219Z,10.11.0.3,11.2.0 (#301),|Administrativo|,Default,2026-06-16T19:30:52.051Z,94f13511-80f9-48b0-8a3e-6ded0b6946ee,7050377
Online,2026-06-16T01:51Z,|104424|,WINDOWS (win-x86-64),HEALTHY,00000000-0000-0000-0000-000000000000,NTB-PSS-021,2025-02-18T14:58:17.209Z,2026-06-16T12:53:28.048Z,192.168.31.117,11.2.0 (#301),|Administrativo|,Default,2026-06-16T19:39:09.268Z,9540df75-fe7a-41b0-8a9f-c733074c6131,4615100
Offline,2026-05-27T19:36Z,|104424|,WINDOWS (win-x86-64),HEALTHY,00000000-0000-0000-0000-000000000000,NTB-PMO-008,2025-09-01T13:47:09.846Z,2026-05-29T12:43:47.427Z,192.168.0.107,11.2.0 (#301),|Administrativo|,Default,2026-05-31T14:29:37.618Z,971f1b3c-40a9-4d4a-adc9-2b21ac1508be,7111318
Online,2026-06-16T01:51Z,|104424|,WINDOWS (win-x86-64),HEALTHY,00000000-0000-0000-0000-000000000000,NTB-GRC-009,2026-04-22T14:43:15.532Z,2026-06-16T13:19:50.818Z,192.168.18.184,11.2.0 (#301),|Administrativo|,Default,2026-06-16T19:28:34.382Z,97301c2a-4705-4700-ba3c-7e22ada2a313,10128170
Online,2026-06-16T01:51Z,|104424|,WINDOWS (win-x86-64),HEALTHY,00000000-0000-0000-0000-000000000000,DKT-SOC-002,2025-08-26T13:21:35.211Z,2026-06-16T13:04:52.805Z,10.100.0.10,11.2.0 (#301),|Administrativo|,Default,2026-06-16T19:21:53.299Z,97521d78-0c16-4f68-9411-03b5149c4258,7035875
Online,2026-06-16T01:51Z,|104424|,WINDOWS (win-x86-64),HEALTHY,00000000-0000-0000-0000-000000000000,NTB-MSS-033,2025-10-21T20:47:08.340Z,2026-06-16T13:15:30.279Z,10.10.0.164,11.2.0 (#301),|Administrativo|,Default,2026-06-16T19:24:10.563Z,97769b5c-0222-47c5-96f4-32879bbff8cc,7731233
Online,2026-06-16T01:51Z,|104424|,WINDOWS (win-x86-64),HEALTHY,00000000-0000-0000-0000-000000000000,NTB-MSS-032,2025-12-10T19:07:53.875Z,2026-06-16T12:58:17.522Z,10.145.16.45,11.2.0 (#301),|Administrativo|,Default,2026-06-16T19:42:42.058Z,98ae36bf-7ba3-41ea-a744-aaf59fc8e0d6,8407685
Online,2026-06-16T08:07Z,|104424|,WINDOWS (win-x86-64),HEALTHY,00000000-0000-0000-0000-000000000000,NTB-PMO-019,2026-01-26T12:54:18.344Z,2026-06-16T12:49:36.239Z,192.168.18.46,11.2.0 (#301),|Administrativo|,Default,2026-06-16T19:24:43.172Z,98cb3384-3029-464f-9ebe-2ba1091d6f5f,8984595
Offline,2026-05-21T04:37Z,|104424|,WINDOWS (win-x86-64),HEALTHY,00000000-0000-0000-0000-000000000000,NTB-GRC-008,2026-03-26T17:51:21.772Z,2026-05-21T12:43:08.450Z,192.168.2.8,11.1.3 (#25),|Administrativo|,Default,2026-06-03T16:34:17.969Z,9c575a01-8648-4bc7-bce3-3f633bb85117,9803517
Online,2026-06-16T01:51Z,|104424|,WINDOWS (win-x86-64),HEALTHY,00000000-0000-0000-0000-000000000000,NTB-MSS-046,2026-01-09T17:32:13.728Z,2026-06-16T13:13:03.259Z,192.168.1.76,11.2.0 (#301),|Administrativo|,Default,2026-06-16T19:21:47.101Z,9d8a5d4e-2266-4cc6-a0db-9d2735205b4d,8768650
Online,2026-06-16T01:51Z,|104424|,WINDOWS (win-x86-64),HEALTHY,00000000-0000-0000-0000-000000000000,NTB-PMO-013,2025-10-17T13:25:50.391Z,2026-06-16T13:22:31.253Z,192.168.15.9,11.2.0 (#301),|Administrativo|,Default,2026-06-16T19:31:15.646Z,9e70f3d5-af0f-4aaf-804b-c864e3237393,7681398
Online,2026-06-16T01:51Z,|104424|,WINDOWS (win-x86-64),HEALTHY,00000000-0000-0000-0000-000000000000,NTB-ADM-001,2026-03-04T14:19:55.294Z,2026-06-16T13:30:42.325Z,10.0.0.191,11.2.0 (#301),|Administrativo|,Default,2026-06-16T19:39:51.782Z,9f20f329-04f7-483d-903c-bb2c78fadb82,9500807
Online,2026-06-16T01:51Z,|104424|,WINDOWS (win-x86-64),HEALTHY,00000000-0000-0000-0000-000000000000,NTB-ADM-03,2025-07-07T13:45:43.695Z,2026-06-16T12:39:40.078Z,192.168.15.7,11.2.0 (#301),|Administrativo|,Default,2026-06-16T19:25:12.250Z,a16c1f8e-8b27-4bae-a2bc-4915ce87f503,6397060
Offline,N/A,|104424|,WINDOWS (win-x86-64),HEALTHY,00000000-0000-0000-0000-000000000000,NTB-PMO-027,2026-06-09T17:18:31.991Z,N/A,192.168.2.19,11.2.0 (#301),|Administrativo|,Default,2026-06-10T04:42:11.638Z,a6db5e38-3461-4739-b5ea-91ca7ab088dd,10886243
Online,2026-06-16T01:51Z,|104424|,WINDOWS (win-x86-64),HEALTHY,00000000-0000-0000-0000-000000000000,NTB-PMO-018,2026-01-09T17:41:52.868Z,2026-06-16T13:31:47.526Z,192.168.0.64,11.2.0 (#301),|Administrativo|,Default,2026-06-16T19:18:56.254Z,a7576844-44ac-4a0a-b0f5-cd996ee97c5b,8768747
Offline,2026-05-27T19:36Z,|104424|,WINDOWS (win-x86-64),HEALTHY,00000000-0000-0000-0000-000000000000,NTB-MSS-035,2023-11-09T17:26:44.597Z,2026-05-28T13:05:43.929Z,10.10.0.166,11.2.0 (#301),|Administrativo|,Default,2026-05-28T19:15:47.687Z,a92c33e0-f68d-4378-9cc9-efdd0a084b44,2379601
Offline,2026-05-27T19:36Z,|104424|,WINDOWS (win-x86-64),HEALTHY,00000000-0000-0000-0000-000000000000,NTB-COM-013,2026-04-27T15:39:24.005Z,2026-05-28T16:01:04.030Z,192.168.2.35,11.2.0 (#301),|Administrativo|,Default,2026-05-28T17:46:28.480Z,a9a83a3d-f612-4ea4-8da6-474b7c43176c,10187782
Offline,2026-06-15T12:58Z,|104424|,WINDOWS (win-x86-64),HEALTHY,00000000-0000-0000-0000-000000000000,NTB-SHD-E0ES11C,2026-02-11T17:06:56.374Z,2026-06-15T22:09:53.120Z,192.168.2.24,11.2.0 (#301),|Administrativo|,Default,2026-06-16T14:37:09.107Z,aa0dbe5a-761e-4940-9614-aec56085d353,9224491
Online,2026-06-16T01:51Z,|104424|,WINDOWS (win-x86-64),HEALTHY,00000000-0000-0000-0000-000000000000,NTB-PMO-017,2026-01-05T15:49:40.857Z,2026-06-16T13:14:41.324Z,192.168.0.49,11.2.0 (#301),|Administrativo|,Default,2026-06-16T19:23:20.522Z,abbc6ee2-f6de-4b81-8615-ab22e45424ad,8702425
Offline,2026-06-15T06:51Z,|104424|,WINDOWS (win-x86-64),HEALTHY,00000000-0000-0000-0000-000000000000,NTB-MSS-003,2025-06-02T11:16:40.788Z,2026-06-15T16:31:08.708Z,192.168.1.16,11.2.0 (#301),|Administrativo|,Default,2026-06-15T18:49:24.701Z,ac955304-6b04-4b0a-893c-cc5b0f8ff999,5954021
Online,2026-06-16T01:51Z,|104424|,WINDOWS (win-x86-64),HEALTHY,00000000-0000-0000-0000-000000000000,NTB-MSS-028,2026-04-15T13:24:44.215Z,2026-06-16T13:00:44.655Z,192.168.15.4,11.2.0 (#301),|Administrativo|,Default,2026-06-16T19:47:39.302Z,aca3279f-ee29-4092-98e8-f6463b66d246,10041405
Online,2026-06-16T01:51Z,|104424|,WINDOWS (win-x86-64),HEALTHY,00000000-0000-0000-0000-000000000000,NTB-PMO-024,2026-05-05T20:28:24.156Z,2026-06-16T13:15:16.781Z,192.168.0.182,11.2.0 (#301),|Administrativo|,Default,2026-06-16T19:23:59.813Z,ae21c560-bab6-4a6d-924c-ebe052f9db10,10294063
Offline,N/A,|104424|,WINDOWS (win-x86-64),HEALTHY,00000000-0000-0000-0000-000000000000,NTB-PSS-029,2026-05-21T15:13:34.981Z,N/A,192.168.2.47,11.1.3 (#25),|Administrativo|,Default,2026-05-21T17:16:07.676Z,ae470512-ebf1-43bd-ae42-c1ab0809f8f2,10536481
Offline,2026-06-12T07:27Z,|119687|,WINDOWS (win-x86-64),HEALTHY,00000000-0000-0000-0000-000000000000,<DKTWCYM01>,2026-03-03T20:51:57.831Z,2026-06-12T12:42:26.923Z,10.80.0.5,11.2.0 (#301),|Laboratorio|,Default,2026-06-13T00:05:53.807Z,b1aa5d97-1a69-49f0-ac86-009ebd92ab90,9488683
Offline,2026-06-10T21:22Z,|104424|,WINDOWS (win-x86-64),HEALTHY,00000000-0000-0000-0000-000000000000,NTB-MSS-002,2025-01-31T14:37:02.288Z,2026-06-11T13:11:57.668Z,192.168.1.103,11.2.0 (#301),|Administrativo|,Default,2026-06-11T20:27:35.578Z,b551558d-99d2-468e-bc12-05d30bd9ae0e,4312295
Online,2026-06-15T12:58Z,|104424|,WINDOWS (win-x86-64),HEALTHY,00000000-0000-0000-0000-000000000000,NTB-COM-011,2026-01-20T18:54:08.738Z,2026-06-16T13:39:19.679Z,192.168.3.74,11.2.0 (#301),|Administrativo|,Default,2026-06-16T19:41:47.077Z,b714196b-7215-4140-9f96-ae4d88cba350,8911517
Offline,N/A,|104424|,WINDOWS (win-x86-64),HEALTHY,00000000-0000-0000-0000-000000000000,NTB-COM-007,2024-03-13T15:37:17.288Z,2026-05-11T12:51:47.150Z,192.168.0.177,11.2.0 (#301),|Administrativo|,Default,2026-06-15T18:35:32.236Z,b71d44ea-b045-4da3-a806-4c76c743fc77,2501326
Online,2026-06-15T19:29Z,|104424|,WINDOWS (win-x86-64),HEALTHY,00000000-0000-0000-0000-000000000000,NTB-MKT-001,2025-08-28T15:07:39.892Z,2026-06-16T12:40:10.048Z,192.168.50.219,11.2.0 (#301),|Administrativo|,Default,2026-06-16T19:22:24.342Z,bd1797e8-7701-4218-9b20-77cb95b53919,7067486
Online,2026-06-16T01:51Z,|104424|,WINDOWS (win-x86-64),HEALTHY,00000000-0000-0000-0000-000000000000,DKT-SOC-001,2025-10-04T04:09:25.367Z,2026-06-16T12:46:07.213Z,10.100.0.13,11.2.0 (#301),|Administrativo|,Default,2026-06-16T19:28:21.221Z,bd797469-fff5-4ecb-8a1a-69ae01c4d953,7504677
Online,2026-06-15T19:29Z,|104424|,WINDOWS (win-x86-64),HEALTHY,00000000-0000-0000-0000-000000000000,NTB-COM-017,2026-01-09T18:03:12.353Z,2026-06-16T12:47:53.776Z,192.168.100.141,11.2.0 (#301),|Administrativo|,Default,2026-06-16T19:30:02.662Z,bef4d8a4-a04e-4a48-9041-f753e888e333,8768989
Online,2026-06-16T01:51Z,|104424|,WINDOWS (win-x86-64),HEALTHY,00000000-0000-0000-0000-000000000000,NTB-PMO-007,2025-02-21T20:21:01.845Z,2026-06-16T13:09:20.560Z,192.168.1.11,11.2.0 (#301),|Administrativo|,Default,2026-06-16T19:17:59.205Z,c0a01239-4ef6-489d-89d2-58cf020552b0,4679370
Online,2026-06-15T12:58Z,|104424|,WINDOWS (win-x86-64),HEALTHY,00000000-0000-0000-0000-000000000000,NTB-PMO-001,2025-07-28T20:12:04.696Z,2026-06-16T12:46:56.909Z,192.168.0.232,11.2.0 (#301),|Administrativo|,Default,2026-06-16T19:29:11.854Z,c1c47bc1-8d09-478a-9b07-97564ae8eb69,6678688
Online,2026-06-15T19:29Z,|119687|,WINDOWS (win-x86-64),HEALTHY,00000000-0000-0000-0000-000000000000,SRVCA01,2025-06-24T11:44:17.614Z,2026-06-16T12:49:33.530Z,10.0.2.3,11.2.0 (#301),|Laboratorio|,Default,2026-06-16T19:32:45.998Z,c28fe811-6ac9-49b2-a88b-9739f30e8048,6220738
Online,2026-06-16T01:51Z,|104424|,WINDOWS (win-x86-64),HEALTHY,00000000-0000-0000-0000-000000000000,NTB-PSS-028,2026-04-14T00:37:51.045Z,2026-06-16T13:03:08.642Z,192.168.0.49,11.2.0 (#301),|Administrativo|,Default,2026-06-16T19:48:53.142Z,c312648d-4917-4eb6-8b30-08362aa6d9f6,10017803
Online,2026-06-15T12:58Z,|104424|,WINDOWS (win-x86-64),HEALTHY,00000000-0000-0000-0000-000000000000,NTB-MSS-018,2025-08-07T18:32:47.718Z,2026-06-16T15:42:13.935Z,192.168.0.11,11.2.0 (#301),|Administrativo|,Default,2026-06-16T19:36:47.098Z,c3ed0f21-6af1-4b20-bed3-2a6a41257e91,6820355
Online,2026-06-16T01:51Z,|104424|,WINDOWS (win-x86-64),HEALTHY,00000000-0000-0000-0000-000000000000,NTB-DIR-002,2026-03-09T15:03:36.407Z,2026-06-16T13:41:29.110Z,10.96.11.159,11.2.0 (#301),|Administrativo|,Default,2026-06-16T19:50:10.794Z,c4395853-d0ed-4a5a-ae60-513277fad3ec,9564996
Online,2026-06-16T08:07Z,|104424|,WINDOWS (win-x86-64),HEALTHY,00000000-0000-0000-0000-000000000000,NTB-PSS-029,2026-05-21T19:03:43.146Z,2026-06-16T13:18:07.053Z,192.168.2.37,11.2.0 (#301),|Administrativo|,Default,2026-06-16T19:41:50.702Z,c5ea44db-bf9b-4968-ac36-ae1084637aef,10539766
Online,2026-06-13T02:05Z,|104424|,WINDOWS (win-x86-64),HEALTHY,00000000-0000-0000-0000-000000000000,NTB-TIC-004,2026-04-08T13:40:08.363Z,2026-06-16T17:30:31.088Z,192.168.15.5,11.2.0 (#301),|Administrativo|,Default,2026-06-16T19:44:34.806Z,c92cca68-06f4-42f1-a92c-36091bd0ed9f,9954709
Online,2026-06-15T12:58Z,|119687|,WINDOWS (win-x86-64),HEALTHY,00000000-0000-0000-0000-000000000000,SRVMEANP01,2026-02-23T19:00:45.481Z,2026-06-16T13:09:48.073Z,10.0.2.250,11.2.0 (#301),|Laboratorio|,Default,2026-06-16T19:18:37.881Z,cbb6116d-338e-4fa0-a588-12c18d37a95b,9366554
Online,2026-06-16T08:07Z,|104424|,WINDOWS (win-x86-64),HEALTHY,00000000-0000-0000-0000-000000000000,NTB-MSS-019,2025-10-23T15:12:19.433Z,2026-06-16T12:45:45.006Z,10.10.0.152,11.2.0 (#301),|Administrativo|,Default,2026-06-16T19:22:41.864Z,cbdb645b-bc4c-4ebf-b064-c23551aab99c,7758572
Offline,2026-06-10T06:51Z,|104424|,WINDOWS (win-x86-64),HEALTHY,00000000-0000-0000-0000-000000000000,NTB-MSS-007,2026-03-04T20:17:43.485Z,2026-06-10T12:37:50.176Z,192.168.2.171,11.2.0 (#301),|Administrativo|,Default,2026-06-10T21:08:41.292Z,cd83c047-d233-4359-a851-28dd6bcf2ace,9506242
Offline,2026-06-10T06:51Z,|104424|,WINDOWS (win-x86-64),HEALTHY,00000000-0000-0000-0000-000000000000,NTB-PMO-005,2025-02-05T03:20:03.293Z,2026-06-10T12:59:33.160Z,192.168.3.151,11.2.0 (#301),|Administrativo|,Default,2026-06-10T21:17:15.294Z,cde61b13-c752-43e8-a3dd-c977ff7b71fa,4392643
Online,2026-06-16T01:51Z,|104424|,WINDOWS (win-x86-64),HEALTHY,00000000-0000-0000-0000-000000000000,NTB-PSS-014,2025-01-14T20:11:54.281Z,2026-06-16T12:52:43.954Z,192.168.15.3,11.2.0 (#301),|Administrativo|,Default,2026-06-16T19:50:04.072Z,ce3d2d09-5730-4c76-b13f-ec9c5fde91de,4093806
Online,2026-06-16T08:07Z,|104424|,WINDOWS (win-x86-64),HEALTHY,00000000-0000-0000-0000-000000000000,NTB-COM-005,2026-01-15T17:25:07.976Z,2026-06-16T13:09:45.582Z,54.232.189.113,11.2.0 (#301),|Administrativo|,Default,2026-06-16T19:25:33.718Z,cec10f0a-292f-457a-8cf3-63bd5b2618ee,8848149
Online,2026-06-15T12:58Z,|104424|,WINDOWS (win-x86-64),HEALTHY,00000000-0000-0000-0000-000000000000,NTB-COM-006,2026-02-04T13:41:31.620Z,2026-06-16T12:39:19.034Z,192.168.5.173,11.2.0 (#301),|Administrativo|,Default,2026-06-16T19:49:48.194Z,cf3a5a9e-51b7-45dd-b3d0-1ce67bee4902,9124381
Online,2026-06-16T01:51Z,|104424|,WINDOWS (win-x86-64),HEALTHY,00000000-0000-0000-0000-000000000000,NTB-MSS-006,2025-06-23T14:21:29.522Z,2026-06-16T12:45:14.493Z,10.10.0.139,11.2.0 (#301),|Administrativo|,Default,2026-06-16T19:27:24.742Z,cffd6992-04f7-4e1c-8170-17463a670aa0,6199204
Online,2026-06-16T01:51Z,|104424|,WINDOWS (win-x86-64),HEALTHY,00000000-0000-0000-0000-000000000000,NTB-MSS-036,2025-12-05T13:56:40.031Z,2026-06-16T13:03:52.453Z,10.144.100.20,11.2.0 (#301),|Administrativo|,Default,2026-06-16T19:46:16.261Z,d03d4499-0bba-49f7-8a7b-3a63d33f2f87,8341920
Online,2026-06-16T01:51Z,|104424|,WINDOWS (win-x86-64),HEALTHY,00000000-0000-0000-0000-000000000000,NTB-MSS-044,2025-12-09T15:16:58.536Z,2026-06-16T13:10:05.218Z,10.10.0.20,11.2.0 (#301),|Administrativo|,Default,2026-06-16T19:33:29.822Z,d04893c3-0142-497e-96d2-8375f6270a38,8388347
Online,2026-06-15T12:58Z,|119687|,WINDOWS (win-x86-64),HEALTHY,00000000-0000-0000-0000-000000000000,SRVOPM02,2025-06-24T15:54:31.656Z,2026-06-16T13:04:24.940Z,10.0.2.105,11.2.0 (#301),|Laboratorio|,Default,2026-06-16T19:46:55.509Z,d12e771d-aea8-4823-8ddf-422dbb2fbda8,6230960
Offline,2026-06-02T05:29Z,|104424|,WINDOWS (win-x86-64),WARNING,00000000-0000-0000-0000-000000000000,NTB-MSS-070,2026-03-11T17:44:39.811Z,2026-05-26T13:09:47.506Z,192.168.3.19,11.2.0 (#301),|Administrativo|,Default,2026-06-16T12:57:11.611Z,d38330cf-9a4f-4df4-949b-33b8d1f1a233,9603174
Online,2026-06-16T01:51Z,|119687|,WINDOWS (win-x86-64),HEALTHY,00000000-0000-0000-0000-000000000000,CLEYTON,2025-06-24T20:52:02.768Z,2026-06-15T13:00:37.399Z,100.64.0.1,11.2.0 (#301),|Laboratorio|,Default,2026-06-16T19:34:48.466Z,d4752274-7b8d-4666-9ac6-4081bddd1078,6240951
Offline,2026-06-12T07:27Z,|104424|,WINDOWS (win-x86-64),WARNING,00000000-0000-0000-0000-000000000000,NTB-SOC-010,2025-09-02T20:12:13.737Z,2026-06-12T12:56:27.163Z,192.168.1.77,11.2.0 (#301),|Administrativo|,Default,2026-06-13T21:31:30.691Z,d624a084-ce5e-4348-a0c2-921d1c915b64,7130835
Online,2026-06-16T01:51Z,|104424|,WINDOWS (win-x86-64),HEALTHY,00000000-0000-0000-0000-000000000000,NTB-MSS-010,2025-10-01T14:18:45.426Z,2026-06-16T12:40:55.765Z,192.168.2.59,11.2.0 (#301),|Administrativo|,Default,2026-06-16T19:23:49.463Z,d905848a-3511-40e8-88ae-e548dfd8614d,7468938
Online,2026-06-16T01:51Z,|104424|,WINDOWS (win-x86-64),HEALTHY,00000000-0000-0000-0000-000000000000,NTB-PSS-010,2025-08-10T13:10:25.468Z,2026-06-16T13:23:10.138Z,192.168.50.93,11.2.0 (#301),|Administrativo|,Default,2026-06-16T19:31:53.027Z,daf240f3-09b2-4598-89cb-6d2d262a7436,6846300
Online,2026-06-16T08:07Z,|119687|,WINDOWS (win-x86-64),HEALTHY,00000000-0000-0000-0000-000000000000,SRVPROBEASSET02,2026-04-03T01:47:18.044Z,2026-06-16T13:16:18.112Z,10.0.2.251,11.2.0 (#301),|Laboratorio|,Default,2026-06-16T19:25:51.467Z,dc0fb429-8b7e-4916-b68c-07a95d11bdf4,9898935
Offline,2026-06-15T06:51Z,|104424|,WINDOWS (win-x86-64),HEALTHY,00000000-0000-0000-0000-000000000000,NTB-MSS-014,2025-01-03T23:05:49.450Z,2026-06-15T21:48:13.847Z,192.168.56.1,11.2.0 (#301),|Administrativo|,Default,2026-06-15T23:28:46.047Z,dd75cecb-630e-423c-9478-f68024b4396e,4003487
Online,2026-06-16T08:07Z,|104424|,WINDOWS (win-x86-64),HEALTHY,00000000-0000-0000-0000-000000000000,NTB-PMO-003,2026-05-11T12:48:20.204Z,2026-06-16T12:59:07.845Z,192.168.0.14,11.2.0 (#301),|Administrativo|,Default,2026-06-16T19:25:03.803Z,dd896bf8-7330-4bf7-8e89-cc8576612434,10367792
Offline,2026-06-11T06:06Z,|104424|,WINDOWS (win-x86-64),HEALTHY,00000000-0000-0000-0000-000000000000,NTB-PE0BFTWG,2026-05-14T17:18:41.363Z,2026-06-11T15:27:06.551Z,10.10.0.155,11.2.0 (#301),|Administrativo|,Default,2026-06-12T12:54:49.248Z,de25472a-0b47-4798-a225-224a7398e456,10427898
Online,2026-06-16T01:51Z,|104424|,WINDOWS (win-x86-64),HEALTHY,00000000-0000-0000-0000-000000000000,NTB-MKT-002,2025-12-10T04:10:42.622Z,2026-06-16T12:44:38.723Z,192.168.15.6,11.2.0 (#301),|Administrativo|,Default,2026-06-16T19:26:49.943Z,decb8276-d8b8-48b4-b865-1c0232dab5d7,8395544
Offline,2026-05-19T03:02Z,|104424|,WINDOWS (win-x86-64),HEALTHY,00000000-0000-0000-0000-000000000000,NTB-COM-020,2026-05-15T18:32:57.641Z,2026-05-19T13:23:19.951Z,192.168.2.77,11.1.3 (#25),|Administrativo|,Default,2026-05-21T13:03:20.038Z,e3121661-d3e9-404b-8d58-9aec7bc9ab9f,10447330
Online,2026-06-16T01:51Z,|104424|,WINDOWS (win-x86-64),HEALTHY,00000000-0000-0000-0000-000000000000,NTB-MSS-048,2026-02-11T15:10:20.678Z,2026-06-16T13:43:04.087Z,10.10.0.88,11.2.0 (#301),|Administrativo|,Default,2026-06-16T18:48:45.324Z,e51e9b86-914c-4fcf-aaa8-abde27e5f45d,9222753
Online,2026-06-16T01:51Z,|104424|,WINDOWS (win-x86-64),HEALTHY,00000000-0000-0000-0000-000000000000,NTB-MSS-069,2025-02-03T19:54:23.156Z,2026-06-16T13:04:12.852Z,10.212.134.201,11.2.0 (#301),|Administrativo|,Default,2026-06-16T19:19:13.652Z,e53f9ed5-3715-45d3-a1af-d5b7cacf0d7c,4361868
Online,2026-06-16T01:51Z,|104424|,WINDOWS (win-x86-64),HEALTHY,00000000-0000-0000-0000-000000000000,NTB-GRC-006,2025-05-16T14:59:18.110Z,2026-06-16T13:02:22.315Z,192.168.0.100,11.2.0 (#301),|Administrativo|,Default,2026-06-16T19:30:21.140Z,e55c8857-9361-4885-b671-226248c68c66,5780105
Online,2026-06-16T01:51Z,|104424|,WINDOWS (win-x86-64),HEALTHY,00000000-0000-0000-0000-000000000000,NTB-PSS-008,2026-04-01T13:35:13.875Z,2026-06-16T13:00:16.277Z,192.168.0.180,11.2.0 (#301),|Administrativo|,Default,2026-06-16T19:32:45.322Z,e74e78d3-dfab-471f-8875-0ff040ab68c0,9876322
Online,2026-06-16T01:51Z,|104424|,WINDOWS (win-x86-64),HEALTHY,00000000-0000-0000-0000-000000000000,NTB-MSS-049,2026-02-09T20:20:44.651Z,2026-06-16T12:58:53.380Z,192.168.1.8,11.2.0 (#301),|Administrativo|,Default,2026-06-16T19:45:37.883Z,e8446351-8e3f-4a68-9c33-34b0891fe52a,9192997
Online,2026-06-16T08:07Z,|104424|,WINDOWS (win-x86-64),HEALTHY,00000000-0000-0000-0000-000000000000,NTB-DIR-003,2025-05-04T04:24:16.079Z,2026-06-14T12:51:13.728Z,10.10.0.126,11.2.0 (#301),|Administrativo|,Default,2026-06-16T19:37:51.505Z,eaa4d50d-42ed-46a3-8452-75813498d714,5646287
Online,2026-06-15T12:58Z,|120948|,LINUX (ubuntu1604-x86-64),HEALTHY,00000000-0000-0000-0000-000000000000,srvprdpdb01,2026-03-02T18:38:00.045Z,2026-06-16T13:02:57.258Z,10.0.2.178,11.2.0 (#301),|Servidores Linux|,Default,2026-06-16T19:45:06.832Z,eb598cb3-cf1a-4c1c-81fe-87394cc07717,9468622
Online,2026-05-18T10:04Z,|119687|,WINDOWS (win-x86-64),WARNING,00000000-0000-0000-0000-000000000000,SRVDUMP01,2026-04-11T16:27:21.738Z,2026-05-19T14:07:50.431Z,10.0.2.120,11.2.0 (#301),|Laboratorio|,Default,2026-06-16T19:35:30.234Z,ed461d02-1ccf-48d0-91e3-3716d993d605,9996340
Online,2026-06-16T01:51Z,|104424|,WINDOWS (win-x86-64),HEALTHY,00000000-0000-0000-0000-000000000000,NTB-ADM-005,2025-04-07T13:06:57.779Z,2026-06-16T13:16:27.337Z,192.168.15.2,11.2.0 (#301),|Administrativo|,Default,2026-06-16T19:25:06.637Z,ee3ada3d-4627-454c-bbc5-f50b5dd0521c,5358426
Online,2026-06-16T01:51Z,|104424|,WINDOWS (win-x86-64),HEALTHY,00000000-0000-0000-0000-000000000000,NTB-MSS-055,2026-04-13T20:36:48.270Z,2026-06-16T13:03:51.664Z,192.168.1.140,11.2.0 (#301),|Administrativo|,Default,2026-06-16T19:46:01.589Z,ee8dd364-58a4-4039-b670-c0ee6810b18d,10016159
Online,2026-06-16T01:51Z,|104424|,WINDOWS (win-x86-64),HEALTHY,00000000-0000-0000-0000-000000000000,NTB-MSS-015,2025-07-31T17:56:09.102Z,2026-06-16T12:42:11.840Z,192.168.1.4,11.2.0 (#301),|Administrativo|,Default,2026-06-16T19:29:46.672Z,ef4a3b1b-0448-4368-81be-312c0b3d71c0,6726633
Online,2026-06-16T08:07Z,|104424|,WINDOWS (win-x86-64),HEALTHY,00000000-0000-0000-0000-000000000000,NTB-GRC-003,2025-02-21T00:20:12.511Z,2026-06-16T12:54:27.611Z,192.168.45.201,11.2.0 (#301),|Administrativo|,Default,2026-06-16T19:39:08.512Z,f23f77c0-32e8-4ad0-b714-efa0c2efbaa4,4663618
Online,2026-06-06T01:00Z,|119687|,WINDOWS (win-x86-64),HEALTHY,00000000-0000-0000-0000-000000000000,DKTPSSLABAD360,2026-05-20T18:14:41.393Z,2026-06-06T13:52:11.143Z,10.0.3.111,11.2.0 (#301),|Laboratorio|,Default,2026-06-16T19:17:07.062Z,f334be5c-e6ad-4c14-9c35-7692c72d98be,10519650
Online,2026-06-16T01:51Z,|104424|,WINDOWS (win-x86-64),HEALTHY,00000000-0000-0000-0000-000000000000,NTB-PSS-004,2025-09-11T13:39:55.768Z,2026-06-16T12:43:05.997Z,192.168.15.154,11.2.0 (#301),|Administrativo|,Default,2026-06-16T19:30:40.987Z,f3d99f16-e4ad-49fc-b734-9fc108032089,7242583
Online,2026-06-15T12:58Z,|119687|,WINDOWS (win-x86-64),HEALTHY,00000000-0000-0000-0000-000000000000,SRVDHCP01,2025-06-24T11:33:43.992Z,2026-06-16T13:11:35.842Z,10.0.2.18,11.2.0 (#301),|Laboratorio|,Default,2026-06-16T19:31:16.451Z,f4c7f7e4-2a02-4627-945a-e2701b6bdb2a,6220623
Online,2026-06-16T01:51Z,|104424|,WINDOWS (win-x86-64),HEALTHY,00000000-0000-0000-0000-000000000000,NTB-MSS-045,2026-01-06T19:05:40.089Z,2026-06-16T13:01:34.499Z,192.168.1.204,11.2.0 (#301),|Administrativo|,Default,2026-06-16T19:43:56.939Z,f588dd5e-7eca-4a7e-9698-83ae9ed04771,8719177
Online,2026-06-15T12:58Z,|104424|,WINDOWS (win-x86-64),HEALTHY,00000000-0000-0000-0000-000000000000,NTB-PSS-012,2024-06-21T16:37:15.727Z,2026-06-16T12:46:46.870Z,192.168.56.1,11.2.0 (#301),|Administrativo|,Default,2026-06-16T19:28:52.048Z,f657d3c3-2afd-40b3-9144-4fc10924bfd2,2663324
Online,2026-06-16T08:07Z,|119687|,WINDOWS (win-x86-64),HEALTHY,00000000-0000-0000-0000-000000000000,SRVMEPC02,2026-04-16T00:29:41.546Z,2026-06-16T12:51:06.980Z,10.0.2.88,11.2.0 (#301),|Laboratorio|,Default,2026-06-16T19:45:35.411Z,f7cdfd36-5fa4-4e53-b42c-07cd9dcffa53,10048019
Online,2026-06-15T12:58Z,|104424|,WINDOWS (win-x86-64),HEALTHY,00000000-0000-0000-0000-000000000000,NTB-MSS-042,2025-12-02T15:03:15.709Z,2026-06-16T13:35:22.611Z,10.10.0.25,11.2.0 (#301),|Administrativo|,Default,2026-06-16T19:44:07.077Z,f7d0f242-3b00-4c60-826c-62154edda793,8292648
Online,2026-06-16T08:07Z,|104424|,WINDOWS (win-x86-64),HEALTHY,00000000-0000-0000-0000-000000000000,NTB-MSS-034,2024-03-13T17:23:35.699Z,2026-06-07T15:56:33.813Z,192.168.15.3,11.2.0 (#301),|Administrativo|,Default,2026-06-16T19:49:14.740Z,fcdf508f-f95d-4436-af0e-59d0ccf05cac,2501535
Offline,2026-06-16T01:51Z,|104424|,WINDOWS (win-x86-64),HEALTHY,00000000-0000-0000-0000-000000000000,NTB-MSS-037,2023-11-08T16:12:59.477Z,2026-06-16T12:40:06.756Z,192.168.0.14,11.2.0 (#301),|Administrativo|,Default,2026-06-16T13:47:05.715Z,fe56055a-81ba-4ae7-9d49-29d60b4ce927,2378533
Online,2026-06-16T08:07Z,|104424|,WINDOWS (win-x86-64),HEALTHY,00000000-0000-0000-0000-000000000000,NTB-PSS-015,2025-09-23T17:17:09.991Z,2026-06-16T12:45:57.440Z,192.168.5.38,11.2.0 (#301),|Administrativo|,Default,2026-06-16T19:30:04.045Z,ff704062-cae3-442c-8e28-6b4fd071284b,7366718
Online,2026-06-15T00:17Z,|104424|,WINDOWS (win-x86-64),HEALTHY,00000000-0000-0000-0000-000000000000,NTB-MSS-024,2024-12-19T18:22:47.153Z,2026-06-16T13:04:08.686Z,192.168.100.118,11.1.2 (#13),|Administrativo|,Default,2026-06-16T19:46:49.076Z,ffddfb43-9d4c-4819-900f-4842fa6a1bdf,3888011
