acr.acr_override_processing,acr.calculated_score,acr.score,first_observed,id,is_licensed,last_authenticated_scan_time,last_licensed_scan_time,last_observed,name,sc_host_uuid,sources,types
false,,4.0,2026-03-11T17:44:39.818Z,0007f095-c6f4-4ad5-9479-90ded97660a7,true,2026-05-26T13:09:47.506Z,2026-05-26T13:09:47.506Z,2026-06-16T12:16:33.374Z,ntb-mss-070,,"ManageEngine, NESSUS_AGENT",host
,,,2026-03-03T12:16:05.000Z,00cfc6c4-5192-48e1-9645-be18d8913f14,false,,,2026-06-16T12:12:06.074Z,10.0.3.150,,NESSUS_SCAN,host
false,,4.0,2025-02-21T00:20:12.547Z,056ad5e6-22ab-46b8-8ba5-ded5ef50e466,true,2026-06-16T12:54:27.611Z,2026-06-16T12:54:27.611Z,2026-06-16T16:53:06.473Z,ntb-grc-003,,"ManageEngine, NESSUS_AGENT",host
false,,4.0,2026-04-27T15:39:24.013Z,05878952-7741-4d9a-a244-a7f575ae4339,true,2026-05-28T16:01:04.030Z,2026-05-28T16:01:04.030Z,2026-05-28T16:01:04.030Z,ntb-com-013,,"ManageEngine, NESSUS_AGENT",host
false,,5.0,2025-03-21T04:38:06.911Z,098ce18a-20e2-489d-be68-d7538037a5aa,true,2026-06-16T13:09:06.094Z,2026-06-16T13:09:06.094Z,2026-06-16T16:02:55.172Z,ntb-mss-016,,"ManageEngine, NESSUS_AGENT",host
false,,4.0,2026-05-07T20:35:38.801Z,0a1b2850-cafb-4ba1-b0e4-c0bba1ee23d3,true,2026-06-10T12:47:00.781Z,2026-06-10T12:47:00.781Z,2026-06-11T10:35:19.437Z,ntb-com-018,,"ManageEngine, NESSUS_AGENT",host
,,,2026-02-24T12:14:13.000Z,0a527c0c-e745-47f2-b9a9-a362442d197c,false,,,2026-06-16T12:12:06.074Z,10.0.3.133,,NESSUS_SCAN,host
false,,5.0,2025-04-28T14:01:54.164Z,0a94878a-ed69-4dd1-909b-20327de20ec9,true,2026-06-16T13:01:40.805Z,2026-06-16T13:01:40.805Z,2026-06-16T14:47:20.240Z,ntb-mss-029,,NESSUS_AGENT,host
false,,4.0,2025-01-31T14:37:02.298Z,0c607596-0ff0-4adb-96de-7ba9be2619f2,true,2026-06-11T13:11:57.668Z,2026-06-11T13:11:57.668Z,2026-06-11T18:01:25.487Z,ntb-mss-002,,"ManageEngine, NESSUS_AGENT",host
false,,4.0,2024-10-14T12:01:36.849Z,0d8dca00-99ae-4aea-8be1-cfe4ffab753d,true,2026-06-16T12:53:28.048Z,2026-06-16T12:53:28.048Z,2026-06-16T12:57:27.775Z,ntb-pss-021,,"ManageEngine, NESSUS_AGENT",host
,,,2026-03-03T12:16:05.000Z,0f388416-fd6c-437c-8351-00a841f4fe47,false,,,2026-06-16T12:12:06.074Z,10.0.3.114,,NESSUS_SCAN,host
,,,2025-06-24T21:08:12.000Z,11002db6-8dfb-4e6b-92a6-77dbe46729b6,false,,,2026-06-16T12:12:06.074Z,10.0.3.156,,NESSUS_SCAN,host
,,,2026-05-26T12:10:59.000Z,1273fd11-fe43-42cd-b9f0-d22e04db867c,false,,,2026-05-26T12:10:59.786Z,10.0.3.115,,NESSUS_SCAN,host
,,,2026-03-03T12:16:05.000Z,132f7e3f-ee81-48b7-a3b5-7f5b5e489aee,false,,,2026-06-16T12:12:06.074Z,10.0.3.103,,NESSUS_SCAN,host
false,,4.0,2025-08-07T18:32:47.726Z,13c0df62-8fe5-4ae9-9999-2e1217ccbd1d,true,2026-06-16T15:42:13.935Z,2026-06-16T15:42:13.935Z,2026-06-16T15:42:13.935Z,ntb-mss-018,,"ManageEngine, NESSUS_AGENT",host
false,,4.0,2023-11-08T16:12:59.484Z,16702054-3fc5-4602-9183-61a6905f2695,true,2026-06-16T12:40:06.756Z,2026-06-16T12:40:06.756Z,2026-06-16T12:40:06.756Z,ntb-mss-037,,"ManageEngine, NESSUS_AGENT",host
false,,4.0,2025-12-01T11:01:59.284Z,17eed63e-c5af-42b1-994a-8c7aec532c1a,true,2026-06-15T21:36:12.277Z,2026-06-15T21:36:12.277Z,2026-06-16T18:14:47.486Z,ntb-mss-025,,"ManageEngine, NESSUS_AGENT",host
false,,4.0,2026-04-08T13:40:08.372Z,192afd42-39a5-48cb-9809-c43e3e5b8fc6,true,2026-06-16T17:30:31.088Z,2026-06-16T17:30:31.088Z,2026-06-16T17:30:31.088Z,ntb-tic-004,,NESSUS_AGENT,host
false,,4.0,2025-09-15T20:51:07.707Z,1932721f-bc5e-44ae-a04b-add953603924,true,2026-06-16T13:07:02.078Z,2026-06-16T13:07:02.078Z,2026-06-16T13:09:58.075Z,ntb-com-004,,"ManageEngine, NESSUS_AGENT",host
false,,4.0,2026-01-05T15:49:40.864Z,19ac5029-807f-4097-9089-4edc1b3783a3,true,2026-06-16T13:14:41.324Z,2026-06-16T13:14:41.324Z,2026-06-16T13:14:41.324Z,ntb-pmo-017,,NESSUS_AGENT,host
false,,4.0,2026-02-09T14:40:08.355Z,19f525d1-f53e-400c-bc36-afd673d97c3f,true,2026-06-16T15:35:42.881Z,2026-06-16T15:35:42.881Z,2026-06-16T16:27:30.711Z,ntb-mss-047,,"ManageEngine, NESSUS_AGENT",host
false,,4.0,2025-12-10T04:10:42.634Z,19fdf7d3-d7f0-4c7f-b2c0-d283d65c5dca,true,2026-06-16T12:44:38.723Z,2026-06-16T12:44:38.723Z,2026-06-16T12:44:38.723Z,ntb-mkt-002,,NESSUS_AGENT,host
,,,2026-03-03T12:16:05.000Z,1a0e408d-368e-4a91-bd3f-34df3b5178e8,false,,,2026-06-16T12:12:06.074Z,10.0.2.133,,NESSUS_SCAN,host
false,,4.0,2026-05-08T21:08:24.000Z,1aa0769a-d301-4342-9f29-e7265adcf1fe,true,,2026-05-08T21:08:24.130Z,2026-06-16T12:12:06.074Z,srvlab010,,NESSUS_SCAN,host
,,,2025-12-12T20:16:10.000Z,1aec1662-d0d7-40ed-bca7-60964301f8d6,false,,,2026-06-16T12:12:06.074Z,10.0.2.86,,NESSUS_SCAN,host
false,,4.0,2025-12-08T05:19:15.114Z,1c315ea2-6209-4d72-9208-753c7550f9fc,true,2026-06-16T12:50:51.857Z,2026-06-16T12:50:51.857Z,2026-06-16T18:02:39.654Z,ntb-mss-043,,"ManageEngine, NESSUS_AGENT",host
false,,4.0,2026-03-04T20:17:43.493Z,1f5add42-17b5-49cb-acff-746897999f04,true,2026-06-10T12:37:50.176Z,2026-06-10T12:37:50.176Z,2026-06-10T20:36:43.355Z,ntb-mss-007,,"ManageEngine, NESSUS_AGENT",host
false,,4.0,2026-04-13T20:36:48.276Z,20fce3c8-a44b-42c0-ab19-c612c92cbc1f,true,2026-06-16T13:03:51.664Z,2026-06-16T13:03:51.664Z,2026-06-16T13:03:51.664Z,ntb-mss-055,,"ManageEngine, NESSUS_AGENT",host
,,,2025-10-07T12:06:59.000Z,22578cad-0bcf-4371-ab83-61ef3050dffa,false,,,2026-06-16T12:12:06.074Z,10.0.2.69,,NESSUS_SCAN,host
false,,4.0,2025-07-07T20:12:12.625Z,2377b927-ad24-4f99-a039-61a211ee33d7,true,2026-06-16T12:51:05.486Z,2026-06-16T12:51:05.486Z,2026-06-16T12:51:05.486Z,ntb-pss-002,,NESSUS_AGENT,host
false,,4.0,2026-04-01T13:35:13.883Z,23831f9b-b58c-4f21-b6ec-aefc01bed95d,true,2026-06-16T13:00:16.277Z,2026-06-16T13:00:16.277Z,2026-06-16T13:58:07.025Z,ntb-pss-008,,NESSUS_AGENT,host
,,,2026-02-24T12:14:13.000Z,23926ff0-8eed-4000-a180-4cbac1a7ce66,false,,,2026-06-16T12:12:06.074Z,10.0.1.254,,NESSUS_SCAN,host
false,,5.0,2024-12-19T18:22:47.159Z,24fb285d-002c-4fb6-8337-3b2d3d138bf0,true,2026-06-16T13:04:08.686Z,2026-06-16T13:04:08.686Z,2026-06-16T13:04:08.686Z,ntb-mss-024,,"ManageEngine, NESSUS_AGENT",host
false,,4.0,2025-04-04T17:48:15.252Z,25cf8697-aaba-4811-962e-2d62021da19e,true,2026-06-13T12:52:14.422Z,2026-06-13T12:52:14.422Z,2026-06-16T20:09:46.513Z,ntb-shd-f923z64,,"ManageEngine, NESSUS_AGENT",host
,,,2025-07-15T21:09:14.000Z,26bb0992-d9be-4f3b-95ce-4789dcd78d86,false,,,2026-06-16T12:12:06.074Z,10.0.2.146,,NESSUS_SCAN,host
false,,4.0,2025-07-28T20:12:04.700Z,27602246-5b38-483a-847c-dd87428cbf83,true,2026-06-16T12:46:56.909Z,2026-06-16T12:46:56.909Z,2026-06-16T20:31:41.449Z,ntb-pmo-001,,"ManageEngine, NESSUS_AGENT",host
false,,4.0,2026-06-05T19:00:15.270Z,27b05367-13dc-46ba-9b71-de5c3e6966de,true,,2026-06-05T19:00:15.270Z,2026-06-05T19:00:15.270Z,exchange.shieldsec.com.br,,WAS,webapp
,,,2026-03-03T12:16:05.000Z,27d099dd-626b-4606-94da-4d1ec74ca046,false,,,2026-06-16T12:12:06.074Z,10.0.2.168,,NESSUS_SCAN,host
,,,2025-07-15T21:09:14.000Z,28b4fd55-ade9-49d7-ac24-6648d967ae5e,false,,,2026-06-16T12:12:06.074Z,10.0.2.160,,NESSUS_SCAN,host
,,,2024-08-20T22:03:01.000Z,2992b4a5-dc62-46b9-87f0-95cc7fd8b886,false,,2025-05-14T22:06:50.326Z,2026-06-16T12:12:06.074Z,DESKTOP-1P0R7VT,,NESSUS_SCAN,host
,,,2025-07-15T21:07:24.000Z,29c8970e-a0b4-493e-bb14-42b74e1e5f1b,false,,,2026-06-16T12:10:34.529Z,10.0.4.1,,NESSUS_SCAN,host
,,,2025-12-23T12:32:10.000Z,2a0e6461-e574-470e-a611-78520ed983b0,false,,,2026-06-16T12:12:06.074Z,10.0.2.145,,NESSUS_SCAN,host
,,,2026-02-24T12:14:13.000Z,2a4dcf27-d834-48b8-aeb4-d06feb0c5d8b,false,,,2026-06-16T12:12:06.074Z,10.0.3.129,,NESSUS_SCAN,host
,,,2025-06-24T21:08:12.000Z,2a837212-041f-4b88-9c02-b94e968c0803,false,,,2026-06-02T12:18:17.372Z,dktlab17.shield.lab,,NESSUS_SCAN,host
,,,2025-09-16T12:04:03.000Z,2b321ea6-9585-4020-9c2f-785d19ac768f,false,,,2026-06-16T12:12:06.074Z,10.0.3.126,,NESSUS_SCAN,host
false,,4.0,2025-09-11T13:39:55.777Z,2b8da901-219a-4dc5-8ce7-dc98f03f763f,true,2026-06-16T12:43:05.997Z,2026-06-16T12:43:05.997Z,2026-06-16T13:49:07.397Z,ntb-pss-004,,NESSUS_AGENT,host
false,,4.0,2026-02-04T19:41:23.140Z,2f243b79-c2f9-4e2f-8e11-c273fc3a412a,true,2026-06-16T13:10:21.423Z,2026-06-16T13:10:21.423Z,2026-06-16T13:15:33.205Z,ntb-pmo-020,,"ManageEngine, NESSUS_AGENT",host
,,,2026-03-03T12:16:05.000Z,2f6c0132-9aa9-4f5e-a039-5062733ce299,false,,,2026-06-16T12:12:06.074Z,10.0.2.161,,NESSUS_SCAN,host
,,,2026-06-02T12:18:17.000Z,30193e37-be97-40fe-9a7d-1991b90c4f28,false,,,2026-06-16T12:12:06.074Z,10.0.3.101,,NESSUS_SCAN,host
,,,2026-03-10T12:09:16.000Z,3289ae5b-8fdb-454a-8fcc-b2936ea74543,false,,,2026-06-16T12:12:05.638Z,10.0.1.206,,NESSUS_SCAN,host
,,,2024-07-16T21:07:01.000Z,3392bb32-e146-4208-896f-3d66481b118c,false,,2025-06-18T21:48:49.499Z,2026-06-16T12:12:05.638Z,atvfw01.shield.lab,,NESSUS_SCAN,host
false,,4.0,2025-05-15T16:24:33.445Z,344b2561-9e51-4423-9344-d84f1ad85766,true,2026-06-16T13:14:06.677Z,2026-06-16T13:14:06.677Z,2026-06-16T17:59:00.420Z,ntb-grc-001,,"ManageEngine, NESSUS_AGENT",host
,,,2026-05-26T12:10:59.000Z,3697f304-2737-40ef-82d9-785fb15c0a0c,false,,,2026-05-26T12:10:59.786Z,mail.shieldsec.info,,NESSUS_SCAN,host
false,,5.0,2024-10-01T21:06:59.000Z,383387a8-02fa-40d6-809a-d95839b74129,true,2026-06-16T13:11:46.593Z,2026-06-16T13:11:46.593Z,2026-06-16T13:11:46.593Z,srvtnb01,,"NESSUS_AGENT, NESSUS_SCAN",host
false,,4.0,2026-01-09T18:03:12.356Z,39c0677c-d457-40de-ac77-6597c646f69d,true,2026-06-16T12:47:53.776Z,2026-06-16T12:47:53.776Z,2026-06-16T12:47:53.776Z,ntb-com-017,,NESSUS_AGENT,host
,,,2026-06-09T17:18:31.996Z,39cd1537-d80e-4a0c-a1fd-78e00f1fde0d,false,,,2026-06-10T04:42:11.638Z,ntb-pmo-027,,NESSUS_AGENT,host
false,,4.0,2025-10-17T18:42:03.075Z,3adbd7f4-e226-4733-bcfe-1bbcd2477c60,true,2026-06-16T13:57:16.744Z,2026-06-16T13:57:16.744Z,2026-06-16T13:57:16.744Z,ntb-pss-024,,"ManageEngine, NESSUS_AGENT",host
false,,4.0,2025-04-07T13:06:57.787Z,3b257c06-0377-4ac1-8610-0d8f04ab2b4a,true,2026-06-16T13:16:27.337Z,2026-06-16T13:16:27.337Z,2026-06-16T16:28:09.028Z,ntb-adm-005,,"ManageEngine, NESSUS_AGENT",host
,,,2026-01-06T12:05:40.000Z,3b40ce99-c106-4ab9-a0c6-b0397abc482c,false,,,2026-06-16T12:12:06.074Z,portal.shield.lab,,NESSUS_SCAN,host
,,,2025-08-12T21:08:53.000Z,3b6cc8ef-0e18-47fc-af7d-bca8445f8d55,false,,,2026-06-16T12:12:06.074Z,10.0.3.118,,NESSUS_SCAN,host
false,,5.0,2024-03-13T15:27:16.742Z,3d158d7e-6493-476d-bac7-84d4292a9990,true,2026-06-16T12:44:48.360Z,2026-06-16T12:44:48.360Z,2026-06-16T12:50:51.369Z,ntb-mss-008,,NESSUS_AGENT,host
,,,2026-06-01T11:00:26.871Z,3dc7d5d0-4ea2-445c-acd0-62ca6f521e18,false,,,2026-06-01T11:00:26.871Z,ip-172-31-4-47,,ManageEngine,host
false,,5.0,2026-04-11T16:27:21.744Z,3e44c846-95d9-46a3-b514-f373bb6fe870,true,2026-05-19T14:07:50.431Z,2026-05-19T14:07:50.431Z,2026-05-27T17:55:25.827Z,srvdump01,,NESSUS_AGENT,host
,,,2025-10-14T12:07:30.000Z,3e6cbcee-1a29-4cfe-ad57-18b736787f83,false,,,2026-06-16T12:12:06.074Z,rancher.shield.lab,,NESSUS_SCAN,host
,,,2025-07-15T21:09:14.000Z,3efe6890-fc3f-4ca9-bfc0-d05597f60971,false,,,2026-06-16T12:12:06.074Z,10.0.2.78,,NESSUS_SCAN,host
false,,5.0,2024-03-13T15:05:14.397Z,3f19bdd8-7608-4ea9-a5b5-3b7395f46e2d,true,2026-06-16T13:00:13.021Z,2026-06-16T13:00:13.021Z,2026-06-16T14:06:07.616Z,ntb-mss-031,,"ManageEngine, NESSUS_AGENT",host
false,,4.0,2026-03-04T14:29:43.541Z,3fbb34ae-fda4-4baf-bbd2-cf2f3988b917,true,2026-06-16T12:58:43.644Z,2026-06-16T12:58:43.644Z,2026-06-16T16:21:26.131Z,ntb-adm-007,,NESSUS_AGENT,host
false,,5.0,2026-04-16T00:29:41.569Z,3fea3ab4-0147-40ab-88ef-6e6d72354318,true,2026-06-16T12:51:06.980Z,2026-06-16T12:51:06.980Z,2026-06-16T18:05:36.472Z,srvmepc02,,"NESSUS_SCAN, NESSUS_AGENT",host
,,,2026-06-02T12:18:17.000Z,42d4918c-ded3-4d89-80d7-eb268e6702d9,false,,,2026-06-02T12:18:17.372Z,10.0.3.120,,NESSUS_SCAN,host
false,,4.0,2025-12-05T17:12:15.405Z,4306ea9a-b677-493e-9162-affddc8b94ca,true,2026-06-16T13:06:24.355Z,2026-06-16T13:06:24.355Z,2026-06-16T13:06:24.355Z,ntb-mss-004,,"ManageEngine, NESSUS_AGENT",host
,,,2024-07-16T21:06:33.000Z,4370b2d3-4bfd-4b32-8c5e-6f96c918fafd,false,,2025-06-18T21:48:49.499Z,2026-06-16T12:12:06.074Z,vpn.shieldsec.com.br,,NESSUS_SCAN,host
,,,2025-03-25T21:09:42.000Z,438d2651-a844-473d-ad15-d2891506c466,false,,2025-06-18T21:56:21.730Z,2026-05-26T12:10:59.786Z,DESKTOP-UIJ3F0R,,NESSUS_SCAN,host
false,,4.0,2025-07-16T17:29:05.851Z,441b7a51-2832-4311-8acf-fd69b551e1fd,true,2026-06-16T13:39:18.233Z,2026-06-16T13:39:18.233Z,2026-06-16T18:22:34.942Z,ntb-mss-009,,"ManageEngine, NESSUS_AGENT",host
false,,4.0,2025-12-02T15:03:15.718Z,44e26b20-8550-4e9e-8070-0c9d84ee1193,true,2026-06-16T13:35:22.610Z,2026-06-16T13:35:22.610Z,2026-06-16T13:35:22.610Z,ntb-mss-042,,"ManageEngine, NESSUS_AGENT",host
false,,5.0,2025-06-04T20:15:50.450Z,45e83047-71a0-4b96-bcc9-ef5c7e59f6cf,true,2026-06-16T13:11:07.986Z,2026-06-16T13:11:07.986Z,2026-06-16T20:08:57.202Z,ntb-adm-002,,"ManageEngine, NESSUS_AGENT",host
,,,2025-11-25T12:08:14.000Z,46d69e24-a6bf-40df-aa08-68d9a93321ac,false,,,2026-06-16T12:12:06.074Z,10.0.2.19,,NESSUS_SCAN,host
false,,4.0,2025-07-22T16:09:55.564Z,4759a603-61ca-4c0c-9e14-fa851c2b77ed,true,2026-06-16T13:36:14.570Z,2026-06-16T13:36:14.570Z,2026-06-16T13:36:14.570Z,ntb-mss-012,,NESSUS_AGENT,host
false,,4.0,2026-01-05T13:01:12.458Z,4786b978-8668-4e24-9336-b9fb0faf2dd2,true,2026-06-15T17:00:02.899Z,2026-06-15T17:00:02.899Z,2026-06-16T18:25:16.320Z,ntb-pmo-016,,"ManageEngine, NESSUS_AGENT",host
false,,5.0,2024-06-21T16:37:15.736Z,47e13781-4281-4a8a-ad7a-044b81536026,true,2026-06-16T12:46:46.870Z,2026-06-16T12:46:46.870Z,2026-06-16T12:46:46.870Z,ntb-pss-012,,"ManageEngine, NESSUS_AGENT",host
false,,4.0,2026-01-26T12:54:18.351Z,4a002e79-65de-4abc-8ceb-03a32926fc9a,true,2026-06-16T12:49:36.239Z,2026-06-16T12:49:36.239Z,2026-06-16T18:19:05.443Z,ntb-pmo-019,,"ManageEngine, NESSUS_AGENT",host
false,,4.0,2025-07-31T17:56:09.108Z,4a02f326-e817-494a-8b2d-4808691f2034,true,2026-06-16T12:42:11.840Z,2026-06-16T12:42:11.840Z,2026-06-16T13:22:25.160Z,ntb-mss-015,,"ManageEngine, NESSUS_AGENT",host
false,,5.0,2023-11-09T21:06:19.502Z,4be9227b-4ba8-4dd4-a1c5-32ae2208f523,true,2026-06-16T13:01:57.643Z,2026-06-16T13:01:57.643Z,2026-06-16T13:01:57.643Z,srvsql01,,"ManageEngine, NESSUS_SCAN, NESSUS_AGENT",host
,,,2026-01-13T12:05:55.000Z,4c38de99-04c3-4f27-b426-39b3eb0f75ed,false,,,2026-06-16T12:12:06.074Z,10.0.2.77,,NESSUS_SCAN,host
false,,4.0,2025-06-02T11:00:45.564Z,4c5c8f0e-c424-436b-b675-cbf39f5a62cb,true,2026-06-15T16:31:08.707Z,2026-06-15T16:31:08.707Z,2026-06-15T16:51:51.035Z,ntb-mss-003,,"ManageEngine, NESSUS_AGENT",host
,,,2026-03-03T12:16:05.000Z,4c846049-4057-454a-97c7-ee16c369047c,false,,,2026-06-16T12:12:06.074Z,dktkali01.shield.lab,,NESSUS_SCAN,host
,,,2026-06-16T12:12:06.000Z,4cff4a3f-da14-4a2c-9b0f-d71af3797349,false,,,2026-06-16T12:12:06.074Z,srvpsmp01.shield.lab,,NESSUS_SCAN,host
,,,2026-02-03T12:05:09.000Z,4de1618f-da5f-4dbd-a531-2a63a2958cfd,false,,,2026-06-16T12:12:05.638Z,10.0.1.25,,NESSUS_SCAN,host
false,,5.0,2024-03-14T05:09:08.890Z,4e9f5b17-5c33-4b1e-a158-b33a407831c9,true,2026-06-06T17:31:29.554Z,2026-06-06T17:31:29.554Z,2026-06-06T17:31:29.554Z,ntb-dir-001,,NESSUS_AGENT,host
false,,4.0,2024-08-16T19:04:20.158Z,4ef2c678-a531-4d45-bbc3-4e817ab08706,true,2026-06-16T13:30:41.680Z,2026-06-16T13:30:41.680Z,2026-06-16T19:36:15.715Z,ntb-pss-009,,"ManageEngine, NESSUS_AGENT",host
,,,2026-05-21T15:13:34.988Z,52726aba-22ce-4122-b3bc-968cf8eab185,false,,,2026-05-21T17:16:07.677Z,ntb-pss-029,,NESSUS_AGENT,host
false,,4.0,2026-05-05T20:28:24.163Z,52eb6d56-b8bc-4906-a317-dd3bd885ca0a,true,2026-06-16T13:15:16.781Z,2026-06-16T13:15:16.781Z,2026-06-16T13:15:16.781Z,ntb-pmo-024,,"ManageEngine, NESSUS_AGENT",host
false,,4.0,2025-05-04T04:24:16.085Z,5337551a-f905-4e45-ab9e-b188d3a260fa,true,2026-06-14T12:51:13.728Z,2026-06-14T12:51:13.728Z,2026-06-16T18:31:20.502Z,ntb-dir-003,,"ManageEngine, NESSUS_AGENT",host
false,,4.0,2025-08-26T13:21:35.218Z,53860b74-4a3c-445b-a4cf-3c2de3085cf0,true,2026-06-16T13:04:52.805Z,2026-06-16T13:04:52.805Z,2026-06-16T16:22:21.994Z,dkt-soc-002,,"ManageEngine, NESSUS_AGENT",host
false,,4.0,2026-05-26T19:35:13.074Z,544d24bd-a907-46d6-8b3f-53a498220d4c,true,2026-06-16T16:27:00.634Z,2026-06-16T16:27:00.634Z,2026-06-16T16:27:00.634Z,ntb-mss-071,,NESSUS_AGENT,host
false,,4.0,2026-01-06T19:05:40.098Z,54c5a232-88e3-418f-9258-91fe9836d93b,true,2026-06-16T13:01:34.499Z,2026-06-16T13:01:34.499Z,2026-06-16T13:52:18.403Z,ntb-mss-045,,NESSUS_AGENT,host
false,,4.0,2024-03-13T17:23:35.705Z,5553df3c-6061-48a5-bee0-3e7f11d6eb89,true,2026-06-07T15:56:33.812Z,2026-06-07T15:56:33.812Z,2026-06-16T18:09:17.037Z,ntb-mss-034,,"ManageEngine, NESSUS_AGENT",host
false,,5.0,2024-03-13T16:39:03.168Z,55d66012-bf48-445c-8d92-3e611168feee,true,2026-06-16T13:24:42.186Z,2026-06-16T13:24:42.186Z,2026-06-16T20:25:44.588Z,ntb-pss-019,,"ManageEngine, NESSUS_AGENT",host
,,,2026-02-03T12:04:39.000Z,56c7324d-ff9e-4dfd-83b1-dffc3866c428,false,,,2026-06-16T12:12:06.074Z,dktlabntk01.shield.lab,,NESSUS_SCAN,host
false,,4.0,2025-02-06T12:27:58.407Z,57007c6f-79ec-445c-bc5e-807ff4f43f8e,true,2026-06-16T13:08:28.307Z,2026-06-16T13:08:28.307Z,2026-06-16T20:24:23.103Z,ntb-pmo-006,,"ManageEngine, NESSUS_AGENT",host
false,,5.0,2024-09-03T22:58:20.000Z,5721ddc3-85a1-4787-a391-ba5d5405e7c1,true,2026-06-16T12:51:29.845Z,2026-06-16T12:51:29.845Z,2026-06-16T12:51:29.845Z,srvmsexcg01,,"NESSUS_SCAN, NESSUS_AGENT",host
,,,2024-07-16T21:07:01.000Z,57354cbb-aa71-4d61-ade1-24b2b225a11e,false,,2025-06-18T21:56:21.730Z,2026-06-16T12:12:05.638Z,srvesxi03.shield.lab,,NESSUS_SCAN,host
false,,4.0,2024-03-13T16:44:38.431Z,57982c4c-9456-4308-aa70-0959b82c62d2,true,2026-06-16T12:52:30.576Z,2026-06-16T12:52:30.576Z,2026-06-16T12:52:30.576Z,ntb-mss-005,,"ManageEngine, NESSUS_AGENT",host
,,,2024-07-16T21:06:33.000Z,5888b97f-992e-4590-b9a1-3cf52cd1e04e,false,,2025-06-18T21:56:21.730Z,2026-06-16T12:12:06.074Z,DEPLOY-INTUNE-T,,NESSUS_SCAN,host
,,,2024-12-10T21:09:08.000Z,59c510f8-e6a3-4d95-94da-864f0c976047,false,,2025-06-18T21:19:30.167Z,2026-06-16T12:12:06.074Z,dktlab01.shield.lab,,NESSUS_SCAN,host
false,,4.0,2025-12-09T20:13:21.539Z,5b5ed29a-c4fc-40d2-b79e-e2689286401e,true,2026-06-16T13:08:09.642Z,2026-06-16T13:08:09.642Z,2026-06-16T13:08:09.642Z,ntb-com-015,,"ManageEngine, NESSUS_AGENT",host
,,,2026-05-26T12:10:59.000Z,5b70d4f1-9712-4b7b-b1af-c08b63eb5020,false,,,2026-06-02T12:18:17.372Z,10.0.3.105,,NESSUS_SCAN,host
false,,4.0,2026-01-12T14:44:53.713Z,5bce0424-79b2-43c3-93f5-47228e14514c,true,2026-06-16T13:10:33.231Z,2026-06-16T13:10:33.231Z,2026-06-16T16:51:36.189Z,ntb-shd-e0bnfgl,,"ManageEngine, NESSUS_AGENT",host
false,,4.0,2025-05-16T14:59:18.117Z,5c2edd15-41a6-4db1-a1d6-0dd1359a12b0,true,2026-06-16T13:02:22.314Z,2026-06-16T13:02:22.314Z,2026-06-16T20:37:53.419Z,ntb-shd-g923z64,,"ManageEngine, NESSUS_AGENT",host
false,,4.0,2026-05-06T14:28:20.059Z,5d4833a0-0ca6-40f0-89f5-b46afa2bee00,true,2026-06-16T12:57:43.797Z,2026-06-16T12:57:43.797Z,2026-06-16T14:29:11.493Z,ntb-grc-005,,NESSUS_AGENT,host
false,,4.0,2026-04-20T15:36:12.947Z,604d66fc-2059-4c1d-9443-8ba65d6eb579,true,2026-05-26T12:51:42.128Z,2026-05-26T12:51:42.128Z,2026-06-08T12:23:15.749Z,ntb-pss-007,,NESSUS_AGENT,host
false,,4.0,2025-10-04T04:09:25.373Z,609b4648-4410-4e4c-8337-c5e5cec0f730,true,2026-06-16T12:46:07.213Z,2026-06-16T12:46:07.213Z,2026-06-16T12:46:07.213Z,dkt-soc-001,,NESSUS_AGENT,host
,,,2024-07-16T21:07:01.000Z,625fd213-1453-4694-9036-fcfdd8e2ff8f,false,,2025-06-18T21:56:21.730Z,2026-06-16T12:12:05.638Z,srvesxi01.shield.lab,,NESSUS_SCAN,host
,,,2025-10-07T12:06:59.000Z,6325b837-3fb6-40b0-af70-e348eaa6ad39,false,,,2026-06-16T12:12:06.074Z,10.0.2.138,,NESSUS_SCAN,host
false,,4.0,2025-10-23T15:12:19.438Z,63d898af-0ca1-4299-bd10-0d5f82d62c10,true,2026-06-16T12:45:45.006Z,2026-06-16T12:45:45.006Z,2026-06-16T20:23:17.040Z,ntb-mss-019,,"ManageEngine, NESSUS_AGENT",host
false,,4.0,2025-06-23T14:21:29.528Z,6489eee5-23d9-45a9-bda4-308bb98fa56a,true,2026-06-16T12:45:14.493Z,2026-06-16T12:45:14.493Z,2026-06-16T12:45:14.493Z,ntb-mss-006,,"ManageEngine, NESSUS_AGENT",host
false,,5.0,2026-06-05T19:00:15.018Z,6629f20e-60a9-4179-8cc9-21813a504bd2,true,,2026-06-05T19:00:15.018Z,2026-06-05T19:00:15.018Z,help.shieldsec.com.br,,WAS,webapp
,,,2025-09-23T12:07:08.000Z,662b094d-7141-4a4e-aac1-185cc2f1717f,false,,,2026-06-16T12:12:06.074Z,srvvault01.shield.lab,,NESSUS_SCAN,host
false,,4.0,2026-04-14T00:37:51.052Z,688c877d-14c0-4d0b-ae22-fd3f1e80714d,true,2026-06-16T13:03:08.642Z,2026-06-16T13:03:08.642Z,2026-06-16T18:34:59.458Z,ntb-pss-028,,"ManageEngine, NESSUS_AGENT",host
false,,5.0,2026-04-22T13:52:22.384Z,699e6126-b782-4010-a25f-0bf74d3e4512,true,2026-06-16T12:42:31.072Z,2026-06-16T12:42:31.072Z,2026-06-16T12:47:01.701Z,ntb-tic-001,,"ManageEngine, NESSUS_AGENT",host
false,,4.0,2025-12-05T13:56:40.035Z,69e89f6c-2c51-4cb9-8f26-4ad2459098d8,true,2026-06-16T13:03:52.453Z,2026-06-16T13:03:52.453Z,2026-06-16T19:52:38.471Z,ntb-mss-036,,"ManageEngine, NESSUS_AGENT",host
false,,5.0,2025-08-26T21:43:08.106Z,6a407d43-1a98-4a3d-aecb-c375d7ddfe66,true,2026-06-16T14:50:05.011Z,2026-06-16T14:50:05.011Z,2026-06-16T18:44:07.472Z,ntb-mss-011,,"ManageEngine, NESSUS_AGENT",host
,,,2026-06-16T12:12:06.000Z,6bad4f4f-df63-43fa-806e-b16f6d6422fe,false,,,2026-06-16T12:12:06.074Z,dktlab25.shield.lab,,NESSUS_SCAN,host
false,,5.0,2024-07-17T22:29:34.000Z,6d680cb8-2b83-4a60-ac19-26ce717c0ab2,true,2026-06-16T13:04:24.940Z,2026-06-16T13:04:24.940Z,2026-06-16T13:04:24.940Z,srvopm02,,"NESSUS_SCAN, NESSUS_AGENT",host
,,,2026-02-24T12:14:13.000Z,6db06efb-d2d2-4ed5-b95c-903d2490be0e,false,,,2026-06-16T12:12:06.074Z,iam-vault.shield.lab,,NESSUS_SCAN,host
false,,5.0,2024-07-16T21:06:33.000Z,6ea90c0a-f18c-48a4-b1d4-9960c5d97f97,true,2026-06-16T13:15:33.622Z,2026-06-16T13:15:33.622Z,2026-06-16T13:23:06.508Z,srvpvwa01,,"NESSUS_SCAN, NESSUS_AGENT",host
,,,2025-10-14T12:07:30.000Z,6fa0d30b-afd5-4915-8473-5748080a1811,false,,,2026-06-16T12:12:06.074Z,10.0.2.129,,NESSUS_SCAN,host
false,,4.0,2026-04-15T13:24:44.224Z,700a5d6b-bb56-4a54-b8cc-124aa298d8ec,true,2026-06-16T13:00:44.655Z,2026-06-16T13:00:44.655Z,2026-06-16T14:06:05.612Z,ntb-mss-028,,NESSUS_AGENT,host
,,,2025-07-15T21:09:14.000Z,70ae4609-06f5-48b2-84dd-72249f26bfa1,false,,,2026-06-16T12:12:06.074Z,10.0.2.149,,NESSUS_SCAN,host
false,,5.0,2026-02-04T13:41:31.627Z,715a24c8-6ba0-4af3-91b1-add5ecf224be,true,2026-06-16T12:39:19.034Z,2026-06-16T12:39:19.034Z,2026-06-16T19:49:48.195Z,ntb-com-006,,"ManageEngine, NESSUS_AGENT",host
,,,2023-11-09T21:06:19.502Z,734a93c8-4423-4184-9336-eb7f537d6950,false,,2025-06-18T21:56:21.730Z,2026-06-16T12:12:06.074Z,srvsecit01,,"ManageEngine, NESSUS_SCAN",host
false,,5.0,2024-07-17T22:29:34.000Z,752eba04-c874-4649-af04-8739d073f80f,true,2026-06-16T12:49:33.530Z,2026-06-16T12:49:33.530Z,2026-06-16T12:49:33.530Z,srvca01,,"NESSUS_SCAN, NESSUS_AGENT",host
false,,4.0,2026-02-09T20:20:44.655Z,774b78ee-0b97-4d1d-a92b-b2386ecedac4,true,2026-06-16T12:58:53.380Z,2026-06-16T12:58:53.380Z,2026-06-16T13:03:48.979Z,ntb-mss-049,,"ManageEngine, NESSUS_AGENT",host
false,,4.0,2024-06-11T22:07:44.360Z,775f96de-396d-4ff9-b239-5ae4f9ad49c5,true,2026-06-16T12:56:11.714Z,2026-06-16T12:56:11.714Z,2026-06-16T12:56:11.714Z,ntb-pss-011,,"ManageEngine, NESSUS_AGENT",host
,,,2025-06-24T21:08:12.000Z,78c3f690-ff4d-4d21-bc2b-ea702f455943,false,,,2026-06-16T12:12:06.074Z,srvlxsec04.shield.lab,,NESSUS_SCAN,host
,,,2024-07-16T21:07:01.000Z,78f8ac65-141b-48f2-a172-0d3a3580a811,false,,2025-06-18T21:56:21.730Z,2026-06-16T12:12:05.638Z,srvesxi02.shield.lab,,NESSUS_SCAN,host
false,,4.0,2026-02-13T20:23:11.000Z,79267bd0-e9e3-403f-a7a2-1cdfda6dc7cb,true,2026-06-16T13:21:07.493Z,2026-06-16T13:21:07.493Z,2026-06-16T19:33:24.370Z,ntb-com-003,,NESSUS_AGENT,host
false,,5.0,2025-03-26T20:50:58.705Z,793102db-cc78-408e-af6e-bd027ccbe42e,true,2026-06-16T13:18:22.523Z,2026-06-16T13:18:22.523Z,2026-06-16T18:10:21.389Z,ntb-shd-e0bftal,,"ManageEngine, NESSUS_AGENT",host
false,,4.0,2026-04-30T15:32:52.333Z,7c0e388b-8d8d-4334-9685-6945638da868,true,2026-06-16T13:01:57.917Z,2026-06-16T13:01:57.917Z,2026-06-16T13:01:57.917Z,ntb-pmo-023,,"ManageEngine, NESSUS_AGENT",host
false,,4.0,2026-02-10T19:49:00.139Z,7d2afd7a-c73b-4990-9363-be065d4ec433,true,2026-06-16T12:52:52.553Z,2026-06-16T12:52:52.553Z,2026-06-16T12:57:35.728Z,ntb-mss-051,,NESSUS_AGENT,host
false,,5.0,2025-08-05T14:50:49.824Z,7d6a912d-2224-43ee-a0a9-4afebe642f8f,true,2026-06-16T13:14:31.285Z,2026-06-16T13:14:31.285Z,2026-06-16T13:56:26.166Z,srvpsmw01,,"NESSUS_SCAN, NESSUS_AGENT",host
,,,2026-06-16T12:12:06.000Z,7e70bdad-8ed7-453b-a0e1-3c178ef46f0b,false,,,2026-06-16T12:12:06.074Z,dktlab09.shield.lab,,NESSUS_SCAN,host
false,,4.0,2025-12-09T15:16:58.619Z,7fdb2430-4311-4087-92ae-ac510a90be92,true,2026-06-16T13:10:05.218Z,2026-06-16T13:10:05.218Z,2026-06-16T13:59:49.674Z,ntb-mss-044,,NESSUS_AGENT,host
,,,2026-03-03T12:16:05.000Z,824b9ea8-0234-49a9-bca8-a6d38d346cf5,false,,,2026-06-16T12:12:06.074Z,10.0.2.75,,NESSUS_SCAN,host
,,,2025-10-14T12:07:30.000Z,82ce9fa3-5dda-4ae1-baa7-f07a84192dd9,false,,,2026-06-16T12:12:06.074Z,srvorbit01.shield.lab,,NESSUS_SCAN,host
false,,4.0,2024-03-13T15:37:17.293Z,8336bd63-d483-4c5b-b8cf-ce0510d8b503,true,2026-05-11T12:51:47.150Z,2026-05-11T12:51:47.150Z,2026-06-15T18:34:59.624Z,ntb-com-007,,"ManageEngine, NESSUS_AGENT",host
false,,4.0,2025-04-14T11:37:52.319Z,84223fec-d129-4c86-953b-96019d664d62,true,2026-06-16T13:06:51.263Z,2026-06-16T13:06:51.263Z,2026-06-16T19:18:37.698Z,ntb-com-001,,NESSUS_AGENT,host
false,,4.0,2026-02-10T13:58:36.925Z,8480d428-e128-48ae-898a-2aa7acd2935e,true,2026-06-16T13:16:12.686Z,2026-06-16T13:16:12.686Z,2026-06-16T13:16:12.686Z,ntb-mss-050,,"ManageEngine, NESSUS_AGENT",host
false,,4.0,2026-02-02T18:35:50.782Z,850bb025-c4ce-4258-a4b0-18de0a9cb25e,true,2026-06-16T13:09:39.843Z,2026-06-16T13:09:39.843Z,2026-06-16T17:19:30.658Z,ntb-grc-007,,"ManageEngine, NESSUS_AGENT",host
false,,4.0,2025-02-21T20:21:01.851Z,855326ae-4596-497e-a0dc-97807bbbb153,true,2026-06-16T13:09:20.560Z,2026-06-16T13:09:20.560Z,2026-06-16T13:09:20.560Z,ntb-pmo-007,,NESSUS_AGENT,host
false,,5.0,2026-01-15T17:25:07.987Z,881887e0-3eef-449e-8164-e57842c2930d,true,2026-06-16T13:09:45.582Z,2026-06-16T13:09:45.582Z,2026-06-16T18:53:34.522Z,ntb-com-005,,"ManageEngine, NESSUS_AGENT",host
,,,2025-11-25T12:08:14.000Z,891d6fef-28b3-4b00-b578-aa6f35478a35,false,,,2026-06-16T12:12:06.074Z,desktop-da8bstr.shield.lab,,NESSUS_SCAN,host
false,,4.0,2026-03-09T15:03:36.416Z,8cf1ddd0-8135-46c7-a3c6-6c078b2c2c1f,true,2026-06-16T13:41:29.110Z,2026-06-16T13:41:29.110Z,2026-06-16T13:41:29.110Z,ntb-dir-002,,NESSUS_AGENT,host
false,,4.0,2025-07-22T17:46:21.695Z,8d0f7ba2-a409-4deb-a2b3-c0437ed30526,true,2026-06-16T13:05:39.550Z,2026-06-16T13:05:39.550Z,2026-06-16T19:26:18.714Z,ntb-mss-013,,NESSUS_AGENT,host
false,,4.0,2026-01-09T17:41:52.871Z,8f8223d2-b12e-4b79-ac89-d98a72757035,true,2026-06-16T13:31:47.526Z,2026-06-16T13:31:47.526Z,2026-06-16T18:31:32.913Z,ntb-pmo-018,,NESSUS_AGENT,host
,,,2025-07-29T21:19:48.000Z,8fcbdcff-d2e3-4303-b54e-cc11dab4e69b,false,,,2026-06-16T12:12:06.074Z,srvsegura01.shield.lab,,NESSUS_SCAN,host
false,,4.0,2025-07-07T13:45:43.707Z,90632ccf-4799-461b-beae-26295fa02574,true,2026-06-16T12:39:40.078Z,2026-06-16T12:39:40.078Z,2026-06-16T12:43:19.135Z,ntb-adm-03,,NESSUS_AGENT,host
false,,5.0,2025-02-03T19:54:23.159Z,9115a4af-d728-4162-8cf9-68348d1fe47f,true,2026-06-16T13:04:12.851Z,2026-06-16T13:04:12.851Z,2026-06-16T19:12:52.206Z,ntb-mss-069,,"ManageEngine, NESSUS_AGENT",host
,,,2026-03-17T12:20:55.000Z,91e3e039-9ba9-4a88-ab06-7a6d797c2e5c,false,,,2026-06-16T12:12:06.074Z,10.0.1.252,,NESSUS_SCAN,host
false,,5.0,2025-06-24T20:11:35.566Z,91f3cb28-f467-47a3-8f3d-c3c1a9db92fb,true,2026-06-16T13:44:39.803Z,2026-06-16T13:44:39.803Z,2026-06-16T13:44:39.803Z,srvadap01,,"NESSUS_SCAN, NESSUS_AGENT",host
false,,4.0,2026-05-22T20:42:47.161Z,91fd04d0-23ad-4a54-861f-530e24497d9d,true,2026-06-16T13:44:31.651Z,2026-06-16T13:44:31.651Z,2026-06-16T13:44:31.651Z,ntb-pmo-026,,NESSUS_AGENT,host
,,,2026-02-24T12:14:13.000Z,9231a2c7-2657-4ef0-bc2d-f8131bb62a79,false,,,2026-06-16T12:12:06.074Z,iam-comp.shield.lab,,NESSUS_SCAN,host
false,,4.0,2025-08-13T01:22:24.492Z,9305f04d-e1d0-40ac-9ad5-50da3ed78932,true,2026-06-16T13:18:24.785Z,2026-06-16T13:18:24.785Z,2026-06-16T13:18:24.785Z,ntb-mss-023,,"ManageEngine, NESSUS_AGENT",host
false,,5.0,2023-11-09T21:06:19.502Z,9480fc97-c996-43ee-a0c8-6f8feea207c8,true,2026-06-16T12:53:10.700Z,2026-06-16T12:53:10.700Z,2026-06-16T12:53:10.700Z,srvadmp01,,"ManageEngine, NESSUS_SCAN, NESSUS_AGENT",host
false,,5.0,2026-02-26T13:26:03.770Z,94e10acc-5fae-4ecf-bb56-00c02fe1b954,true,2026-06-16T13:39:44.280Z,2026-06-16T13:39:44.280Z,2026-06-16T20:29:39.652Z,ntb-tic-002,,NESSUS_AGENT,host
false,,4.0,2025-08-27T12:47:13.735Z,9503a24f-079c-418e-b5a8-68fe419c17fb,true,2026-06-16T12:39:02.219Z,2026-06-16T12:39:02.219Z,2026-06-16T17:45:32.559Z,ntb-soc-003,,"ManageEngine, NESSUS_AGENT",host
false,,4.0,2025-08-11T16:28:42.461Z,960d4677-866e-4164-a6bd-cee846387187,true,2026-06-16T14:39:30.938Z,2026-06-16T14:39:30.938Z,2026-06-16T16:24:22.636Z,ntb-pss-026,,"ManageEngine, NESSUS_AGENT",host
false,,4.0,2026-02-11T15:10:20.708Z,968f8abd-4625-4ce5-bda4-1c631aa0b039,true,2026-06-16T13:43:04.087Z,2026-06-16T13:43:04.087Z,2026-06-16T14:47:35.678Z,ntb-mss-048,,"ManageEngine, NESSUS_AGENT",host
false,,5.0,2026-03-03T20:51:57.839Z,97294258-7881-47c2-b18b-8e2ed3c727e0,true,2026-06-12T12:42:26.923Z,2026-06-12T12:42:26.923Z,2026-06-16T20:47:53.843Z,<dktwcym01>,,NESSUS_AGENT,host
false,,4.0,2025-10-30T13:09:52.428Z,9913349c-a57a-465f-89c7-d9ced0a21ba5,true,2026-06-16T15:03:19.138Z,2026-06-16T15:03:19.138Z,2026-06-16T18:55:58.093Z,ntb-shd-e0b51l7,,NESSUS_AGENT,host
false,,5.0,2026-04-03T01:47:18.051Z,99723b6c-b90d-46d8-b3e6-4284da080e2b,true,2026-06-16T13:16:18.112Z,2026-06-16T13:16:18.112Z,2026-06-16T16:02:55.775Z,srvprobeasset02,,"NESSUS_SCAN, NESSUS_AGENT",host
false,,4.0,2026-01-09T13:34:46.515Z,9b0364c7-d874-46dc-9824-7e39942d733f,true,2026-06-16T12:53:33.653Z,2026-06-16T12:53:33.653Z,2026-06-16T12:53:33.653Z,ntb-com-014,,NESSUS_AGENT,host
false,,4.0,2026-01-20T18:54:08.745Z,9c864288-31ab-46c1-ad89-2e718c9e55cb,true,2026-06-16T13:39:19.679Z,2026-06-16T13:39:19.679Z,2026-06-16T15:07:18.813Z,ntb-com-011,,"ManageEngine, NESSUS_AGENT",host
false,,4.0,2025-09-23T14:33:25.660Z,9d90eb77-b421-45e2-87dd-ee23c23ef700,true,2026-06-16T13:56:29.740Z,2026-06-16T13:56:29.740Z,2026-06-16T13:56:29.740Z,ntb-pss-005,,"ManageEngine, NESSUS_AGENT",host
false,,4.0,2026-03-26T17:51:21.780Z,9dbca7cd-1575-4027-b2ab-3b45c993497d,true,2026-05-21T12:43:08.450Z,2026-05-21T12:43:08.450Z,2026-06-03T16:34:49.896Z,ntb-grc-008,,"ManageEngine, NESSUS_AGENT",host
false,,4.0,2025-01-22T21:31:44.889Z,9dd82ea5-3bdf-40c9-9007-b2d91ab14c55,true,2026-06-15T12:57:44.663Z,2026-06-15T12:57:44.663Z,2026-06-15T12:57:44.663Z,ntb-svd-002,,"ManageEngine, NESSUS_AGENT",host
false,,5.0,2025-10-08T23:37:45.752Z,9f78624b-7cb0-4f2f-bd5e-98d75c81145e,true,2026-06-16T13:08:35.394Z,2026-06-16T13:08:35.394Z,2026-06-16T13:08:35.394Z,srvveeam01,,NESSUS_AGENT,host
,,,2025-07-15T21:09:14.000Z,a0c5c427-b938-47f5-ae43-64899e984f1b,false,,,2026-06-16T12:12:06.074Z,10.0.2.147,,NESSUS_SCAN,host
false,,4.0,2025-08-28T15:07:39.902Z,a0dd7d01-0b53-42f6-ad04-c3519b58c485,true,2026-06-16T12:40:10.047Z,2026-06-16T12:40:10.047Z,2026-06-16T12:40:10.047Z,ntb-mkt-001,,"ManageEngine, NESSUS_AGENT",host
false,,4.0,2026-05-27T16:59:25.387Z,a2525c00-9060-4899-a9fe-b7bd165cc800,true,2026-06-16T14:47:56.812Z,2026-06-16T14:47:56.812Z,2026-06-16T18:56:18.716Z,ntb-mss-072,,NESSUS_AGENT,host
,,,2026-05-12T12:11:17.000Z,a2ea3c03-c2d6-4607-813e-ca0109820a1c,false,,,2026-06-16T12:12:06.074Z,10.0.3.119,,NESSUS_SCAN,host
,,,2025-07-15T21:09:26.000Z,a363975a-ddce-48f7-99ec-f929a9b3dc08,false,,,2026-06-16T12:12:05.638Z,10.0.1.1,,NESSUS_SCAN,host
false,,4.0,2025-12-08T19:36:59.302Z,a490f3e2-1d25-4d62-9c43-c37057312266,true,2026-06-16T14:05:11.574Z,2026-06-16T14:05:11.574Z,2026-06-16T20:43:52.543Z,ntb-dev-001,,NESSUS_AGENT,host
false,,4.0,2025-10-06T13:00:21.814Z,a52b295e-e535-4872-81dd-96279abb0202,true,2026-06-16T12:50:45.912Z,2026-06-16T12:50:45.912Z,2026-06-16T12:50:45.912Z,ntb-pmo-011,,"ManageEngine, NESSUS_AGENT",host
false,,4.0,2023-11-09T17:26:44.607Z,a55183d4-b411-43c1-abb2-607d2a54887f,true,2026-05-28T13:05:43.929Z,2026-05-28T13:05:43.929Z,2026-05-28T16:28:54.330Z,ntb-mss-035,,"ManageEngine, NESSUS_AGENT",host
,,,2025-08-26T21:08:13.000Z,a5935898-1a65-4ab2-884e-92fc22458db7,false,,,2026-06-16T12:12:06.074Z,10.0.3.151,,NESSUS_SCAN,host
false,,5.0,2026-05-19T12:08:42.000Z,aa1631c4-4097-41b1-9a59-4ba713f6b3fc,true,2026-06-06T13:52:11.143Z,2026-06-06T13:52:11.143Z,2026-06-16T20:39:13.309Z,dktpsslabad360,,"NESSUS_SCAN, NESSUS_AGENT",host
,,,2025-02-11T21:09:09.000Z,ab69bfcf-2feb-4892-a764-e648b7014c89,false,,2025-06-18T21:56:21.730Z,2026-06-16T12:12:06.074Z,DKTLAB16,,NESSUS_SCAN,host
false,,4.0,2025-07-04T16:09:38.222Z,ab6e83ca-e453-4ad7-a52a-bcbc06ffd8c1,true,2026-06-16T13:02:17.709Z,2026-06-16T13:02:17.709Z,2026-06-16T13:04:51.013Z,ntb-pss-003,,"ManageEngine, NESSUS_AGENT",host
false,,4.0,2026-03-04T14:19:55.302Z,ab6f3e76-5b2f-4ca6-983f-cf8f1755725b,true,2026-06-16T13:30:42.325Z,2026-06-16T13:30:42.325Z,2026-06-16T18:35:54.183Z,ntb-adm-001,,NESSUS_AGENT,host
false,,4.0,2025-10-17T17:56:06.793Z,ac9ab6f9-acb6-4891-a7a1-4387c1e63a81,true,2026-06-16T12:55:47.265Z,2026-06-16T12:55:47.265Z,2026-06-16T12:55:47.265Z,ntb-pss-023,,"ManageEngine, NESSUS_AGENT",host
,,,2026-04-07T12:12:12.000Z,acebb0c9-1d8e-452c-9d68-0cf61d9dc25e,false,,,2026-06-16T12:12:06.074Z,10.0.3.113,,NESSUS_SCAN,host
false,,5.0,2025-09-23T17:17:09.999Z,ad59450b-12b8-4db4-b7b0-9b99a91250db,true,2026-06-16T12:45:57.440Z,2026-06-16T12:45:57.440Z,2026-06-16T16:43:47.783Z,ntb-pss-015,,"ManageEngine, NESSUS_AGENT",host
false,,4.0,2025-09-02T20:12:13.745Z,ad8c45e9-d58a-49f6-8633-9c25de8bc269,true,2026-06-12T12:56:27.162Z,2026-06-12T12:56:27.162Z,2026-06-13T19:33:55.004Z,ntb-soc-010,,NESSUS_AGENT,host
false,,4.0,2025-06-24T20:52:02.778Z,adaa5844-0d58-4d96-8370-287dd2496d6b,true,2026-06-15T13:00:37.399Z,2026-06-15T13:00:37.399Z,2026-06-16T17:23:42.581Z,cleyton,,NESSUS_AGENT,host
false,,5.0,2026-06-05T19:00:14.961Z,b0f3fd02-769e-472c-9354-3680725addfd,true,,2026-06-05T19:00:14.961Z,2026-06-05T19:00:14.961Z,portal.shieldsec.com.br,,WAS,webapp
false,,5.0,2026-06-05T19:00:15.565Z,b1209bb6-3c68-417b-85b9-6e969db96a2f,true,,2026-06-05T19:00:15.565Z,2026-06-05T19:00:15.565Z,enterpriseregistration.shieldsec.com.br,,WAS,webapp
,,,2026-02-24T12:14:13.000Z,b35a6ae9-a608-49ef-88b1-6d66007580cc,false,,,2026-06-16T12:12:06.074Z,win-ncchp39p101.shield.lab,,NESSUS_SCAN,host
false,,4.0,2025-11-03T20:04:19.551Z,b44e39a7-d778-4d0f-80e0-6d5b284ba5f1,true,2026-06-16T12:47:47.164Z,2026-06-16T12:47:47.164Z,2026-06-16T14:11:36.759Z,ntb-mss-041,,"ManageEngine, NESSUS_AGENT",host
false,,4.0,2026-04-22T17:39:04.986Z,b5cd07bf-aec7-4388-9a30-0db4c9307c93,true,2026-06-16T16:59:07.690Z,2026-06-16T16:59:07.690Z,2026-06-16T17:05:05.545Z,ntb-grc-010,,"ManageEngine, NESSUS_AGENT",host
false,,5.0,2025-01-03T23:05:49.460Z,b6850aa2-a461-405d-a023-522252ae2686,true,2026-06-15T21:48:13.847Z,2026-06-15T21:48:13.847Z,2026-06-15T21:48:13.847Z,ntb-mss-014,,"ManageEngine, NESSUS_AGENT",host
false,,4.0,2025-10-17T13:25:50.399Z,b6a2673c-115c-4010-b8eb-90e4cb71c0af,true,2026-06-16T13:22:31.253Z,2026-06-16T13:22:31.253Z,2026-06-16T13:22:31.253Z,ntb-pmo-013,,"ManageEngine, NESSUS_AGENT",host
false,,4.0,2025-10-21T20:47:08.352Z,b6fd82a8-6af2-46b2-a6b0-4412bfc5e62c,true,2026-06-16T13:15:30.279Z,2026-06-16T13:15:30.279Z,2026-06-16T20:43:53.323Z,ntb-mss-033,,"ManageEngine, NESSUS_AGENT",host
false,,4.0,2025-10-14T21:05:41.541Z,b98997f5-be30-47f7-9f50-9cb82dcddb15,true,2026-06-16T13:33:48.846Z,2026-06-16T13:33:48.846Z,2026-06-16T13:33:48.846Z,ntb-mss-030,,"ManageEngine, NESSUS_AGENT",host
false,,4.0,2026-06-05T19:00:14.988Z,bac88b2d-2e9a-4b49-8468-9af6be0a1e8a,true,,2026-06-11T01:00:08.420Z,2026-06-11T01:00:08.420Z,www.shieldsec.com.br,,WAS,webapp
,,,2026-06-02T12:18:17.000Z,bb3f5d95-4eaa-43bd-a834-b9739b632d46,false,,,2026-06-16T12:12:06.074Z,10.0.3.105,,NESSUS_SCAN,host
,,,2026-06-16T12:12:06.000Z,bc75ad5d-7d9d-4ceb-819d-d90843020747,false,,,2026-06-16T12:12:06.074Z,autodiscover.shieldsec.info,,NESSUS_SCAN,host
,,,2026-03-03T12:13:33.000Z,bdfaef0e-a8bf-4ca7-abfe-98393f7e8719,false,,,2026-06-16T12:12:05.638Z,atvidrac01.shield.lab,,NESSUS_SCAN,host
,,,2026-06-16T12:12:06.000Z,befe2616-c7ac-4e16-9c52-792b91f26798,false,,,2026-06-16T12:12:06.074Z,srvpta01.shield.lab,,NESSUS_SCAN,host
,,,2024-07-16T21:07:01.000Z,c055fd50-fabb-4a96-8522-745a252b6f3c,false,,2025-06-18T21:56:21.730Z,2026-06-16T12:12:05.638Z,srvvcenter01.shield.lab,,NESSUS_SCAN,host
false,,5.0,2026-02-17T12:07:39.000Z,c582c079-123d-4215-b854-fdd74b005608,true,2026-06-16T13:09:48.073Z,2026-06-16T13:09:48.073Z,2026-06-16T20:26:56.891Z,srvmeanp01,,"NESSUS_SCAN, NESSUS_AGENT",host
false,,4.0,2026-04-22T14:43:15.541Z,c66488cc-1ef9-4ebc-b9d0-60eaf98d9634,true,2026-06-16T13:19:50.818Z,2026-06-16T13:19:50.818Z,2026-06-16T13:19:50.818Z,ntb-grc-009,,NESSUS_AGENT,host
false,,4.0,2025-08-25T18:20:46.133Z,c77ddc4d-fb99-4bb7-832d-8d1896c6a04d,true,2026-06-16T13:07:12.733Z,2026-06-16T13:07:12.733Z,2026-06-16T19:40:36.406Z,ntb-adm-004,,NESSUS_AGENT,host
false,,4.0,2026-02-24T12:14:13.000Z,c79155f0-562e-4f27-9a75-cf1b67f4d94d,true,2026-06-16T13:07:12.041Z,2026-06-16T13:07:12.041Z,2026-06-16T13:07:12.041Z,srvw22p360,,"NESSUS_SCAN, NESSUS_AGENT",host
,,,2026-03-03T12:16:05.000Z,c8b0b866-b8bf-4f4a-8bb5-207732b08c11,false,,,2026-06-16T12:12:06.074Z,srvcltgc01.shield.lab,,NESSUS_SCAN,host
false,,4.0,2026-05-21T19:03:43.153Z,c8b2f994-39f0-4a5b-b458-59722a9d588b,true,2026-06-16T13:18:07.053Z,2026-06-16T13:18:07.053Z,2026-06-16T19:08:51.055Z,ntb-pss-029,,"ManageEngine, NESSUS_AGENT",host
,,,2025-10-07T12:06:59.298Z,ca2c8144-e758-4d83-9dcd-d61357e8634b,false,,,2026-06-16T12:12:06.074Z,10.0.3.1,,NESSUS_SCAN,host
false,,4.0,2025-04-23T22:05:25.843Z,cc7f3c64-f21a-4320-9773-f347e7e11bd7,true,2026-06-16T13:22:18.850Z,2026-06-16T13:22:18.850Z,2026-06-16T20:15:06.956Z,ntb-adm-006,,"ManageEngine, NESSUS_AGENT",host
false,,4.0,2025-10-17T17:51:35.788Z,ccf82bea-b802-43e3-9d54-531fb4e4b19a,true,2026-06-16T13:08:32.212Z,2026-06-16T13:08:32.212Z,2026-06-16T13:08:32.212Z,ntb-mss-040,,"ManageEngine, NESSUS_AGENT",host
false,,4.0,2026-03-03T20:32:30.328Z,cd3c51ab-53f9-4501-bddf-b62c022c7b6e,true,2026-06-16T12:39:58.515Z,2026-06-16T12:39:58.515Z,2026-06-16T12:39:58.515Z,ntb-pss-018,,NESSUS_AGENT,host
false,,5.0,2024-03-13T15:25:27.745Z,ce1b019f-99fc-4d8f-b073-8796614429f2,true,2026-06-16T13:11:37.425Z,2026-06-16T13:11:37.425Z,2026-06-16T13:11:37.425Z,ntb-pss-020,,"ManageEngine, NESSUS_AGENT",host
false,,4.0,2026-05-14T17:18:41.370Z,cecff792-5bd7-48d3-ad15-f0cfe374e0ea,true,2026-06-11T15:27:06.551Z,2026-06-11T15:27:06.551Z,2026-06-11T15:27:06.551Z,ntb-pe0bftwg,,NESSUS_AGENT,host
false,,4.0,2025-01-17T16:53:01.253Z,d04ad6dc-1ac2-4ed2-995c-555bb6b5a773,true,2026-05-15T22:37:06.326Z,2026-05-15T22:37:06.326Z,2026-05-17T22:11:06.436Z,ntb-fin-001,,"ManageEngine, NESSUS_AGENT",host
false,,4.0,2025-12-10T19:07:53.914Z,d11aa6e8-ada4-437a-9c0e-ab7871da8d3e,true,2026-06-16T12:58:17.522Z,2026-06-16T12:58:17.522Z,2026-06-16T18:41:25.313Z,ntb-mss-032,,NESSUS_AGENT,host
,,,2026-05-19T12:08:42.000Z,d145029c-adf0-4263-a139-86b9939b7415,false,,,2026-06-16T12:12:06.074Z,10.0.3.110,,NESSUS_SCAN,host
false,,4.0,2026-02-24T03:23:07.354Z,d2dbbcad-02fa-4f2f-9120-4b0d24b1cef9,true,2026-06-01T15:39:27.025Z,2026-06-01T15:39:27.025Z,2026-06-03T14:31:18.676Z,ntb-pmo-002,,NESSUS_AGENT,host
false,,4.0,2026-06-08T20:39:07.278Z,d4d8b18a-9eae-40d9-8056-85f9dfc36d72,true,2026-06-16T13:11:50.882Z,2026-06-16T13:11:50.882Z,2026-06-16T19:21:29.889Z,ntb-mss-054,,"ManageEngine, NESSUS_AGENT",host
false,,4.0,2026-01-16T18:49:22.578Z,d4eb39e6-048c-4d6a-9ad8-062fd39caf6c,true,2026-06-16T14:23:00.074Z,2026-06-16T14:23:00.074Z,2026-06-16T14:23:00.074Z,ntb-cto-003,,"ManageEngine, NESSUS_AGENT",host
false,,4.0,2025-10-09T10:24:09.596Z,dc6885c7-f894-41ac-92d6-6bfbbab6f77d,true,2026-06-10T12:59:33.159Z,2026-06-10T12:59:33.159Z,2026-06-10T20:11:43.463Z,ntb-pmo-005,,NESSUS_AGENT,host
false,,4.0,2026-01-09T17:32:13.735Z,dd7f4fc6-d37e-45d8-a131-b66ebe05f537,true,2026-06-16T13:13:03.259Z,2026-06-16T13:13:03.259Z,2026-06-16T13:13:03.259Z,ntb-mss-046,,NESSUS_AGENT,host
false,,5.0,2024-08-13T22:03:23.000Z,de601864-a738-4eeb-b462-29284e7daf73,true,2026-06-16T12:46:12.086Z,2026-06-16T12:46:12.086Z,2026-06-16T12:46:12.086Z,dktlab05,,"NESSUS_SCAN, NESSUS_AGENT",host
false,,4.0,2026-05-11T12:48:20.213Z,df10e0e1-3330-4c11-ba02-629168a6053b,true,2026-06-16T12:59:07.845Z,2026-06-16T12:59:07.845Z,2026-06-16T20:21:27.349Z,ntb-pmo-003,,"ManageEngine, NESSUS_AGENT",host
,,,2026-06-16T12:12:06.000Z,dfbbdbc2-85ca-47fa-ad20-5baa80bec184,false,,,2026-06-16T12:12:06.074Z,srvmeaap01.shield.lab,,NESSUS_SCAN,host
false,,4.0,2026-02-11T17:06:56.381Z,dff12a95-6e58-40c4-b911-1ff85efbda49,true,2026-06-15T22:09:53.120Z,2026-06-15T22:09:53.120Z,2026-06-16T14:22:01.927Z,ntb-shd-e0es11c,,"ManageEngine, NESSUS_AGENT",host
,,,2024-10-01T21:06:59.000Z,dffc4886-7bca-485b-9f07-4d4ebab3e487,false,,2025-06-18T21:56:21.730Z,2026-06-16T12:12:06.074Z,desktop-fd5bt6p.shield.lab,,NESSUS_SCAN,host
false,,5.0,2026-03-02T18:38:00.053Z,e099100f-a786-43c0-97fe-f2a28ed3153c,true,2026-06-16T13:02:57.258Z,2026-06-16T13:02:57.258Z,2026-06-16T19:53:34.314Z,srvprdpdb01,,"NESSUS_AGENT, NESSUS_SCAN",host
false,,4.0,2026-02-19T06:35:24.903Z,e109c97b-172c-4d51-af61-237b2892077f,true,2026-06-16T12:51:54.763Z,2026-06-16T12:51:54.763Z,2026-06-16T16:09:29.722Z,ntb-com-016,,NESSUS_AGENT,host
false,,4.0,2026-05-13T14:09:15.103Z,e15ea2cc-15dc-40d6-8d46-872e79de644a,true,2026-06-16T12:54:22.252Z,2026-06-16T12:54:22.252Z,2026-06-16T18:48:07.243Z,ntb-vjfe59f11x,,"ManageEngine, NESSUS_AGENT",host
,,,2025-07-15T21:09:14.000Z,e21e262c-91db-45c1-8af2-2d7eb7398119,false,,,2026-06-16T12:12:06.074Z,10.0.2.166,,NESSUS_SCAN,host
,,,2025-12-16T12:09:46.000Z,e29658b5-a841-404f-b3b4-9f06876e41ff,false,,,2026-06-16T12:12:05.638Z,10.0.1.10,,NESSUS_SCAN,host
false,,4.0,2025-01-14T20:11:54.285Z,e317b368-bef0-45b3-b419-fcfb3d5224a7,true,2026-06-16T12:52:43.954Z,2026-06-16T12:52:43.954Z,2026-06-16T19:50:04.073Z,ntb-pss-014,,NESSUS_AGENT,host
false,,4.0,2025-09-01T13:47:09.853Z,e3935f3d-7372-40df-bb0e-7ca6c3b249fd,true,2026-05-29T12:43:47.427Z,2026-05-29T12:43:47.427Z,2026-05-29T12:43:47.427Z,ntb-pmo-008,,NESSUS_AGENT,host
false,,4.0,2024-12-31T23:05:04.710Z,e546fa45-7f7a-4afe-8049-58bc8663ff62,true,2026-06-16T13:23:25.217Z,2026-06-16T13:23:25.217Z,2026-06-16T13:30:18.335Z,ntb-mss-017,,NESSUS_AGENT,host
false,,4.0,2026-05-04T14:48:49.714Z,e56ba5f9-852e-45cb-9e2e-db3500635191,true,2026-06-16T12:53:30.752Z,2026-06-16T12:53:30.752Z,2026-06-16T16:30:04.117Z,ntb-svd-005,,"ManageEngine, NESSUS_AGENT",host
,,,2026-02-24T12:14:13.000Z,e5c980f8-35f3-467d-963d-93905903730f,false,,,2026-06-16T12:12:06.074Z,desktop-86d2bl7.shield.lab,,NESSUS_SCAN,host
,,,2025-10-07T12:06:59.000Z,e61c89a7-8c79-4703-9715-2c52292acd4b,false,,,2026-06-16T12:12:06.074Z,10.0.2.43,,NESSUS_SCAN,host
false,,4.0,2025-08-10T13:10:25.509Z,e7fe60de-31bc-4549-b0dc-bc14d2b05331,true,2026-06-16T13:23:10.137Z,2026-06-16T13:23:10.137Z,2026-06-16T18:24:06.393Z,ntb-pss-010,,"ManageEngine, NESSUS_AGENT",host
false,,5.0,2025-12-12T15:40:04.836Z,e8939481-8b00-4320-83c4-c85728b9e619,true,2026-06-16T13:11:48.510Z,2026-06-16T13:11:48.510Z,2026-06-16T17:07:26.000Z,srvmelog01,,"NESSUS_SCAN, NESSUS_AGENT",host
false,,4.0,2025-02-07T16:53:55.928Z,eb15da7c-6bd2-48b8-9630-befed65a0120,true,2026-06-16T14:51:50.705Z,2026-06-16T14:51:50.705Z,2026-06-16T14:51:50.705Z,ntb-mss-027,,"ManageEngine, NESSUS_AGENT",host
,,,2025-11-25T12:08:14.000Z,ebbf3b26-d461-42f7-8459-62c8b07b19a5,false,,,2026-06-16T12:12:06.074Z,10.0.3.50,,NESSUS_SCAN,host
false,,5.0,2024-06-11T22:07:44.361Z,ef3b7e44-08ae-426e-b7a0-ad563be23dc8,true,2026-06-16T16:21:39.735Z,2026-06-16T16:21:39.735Z,2026-06-16T16:21:39.735Z,ntb-mss-020,,"ManageEngine, NESSUS_AGENT",host
false,,9.0,2024-07-17T22:29:34.000Z,f0da4463-64d4-4eb7-a88a-933e987f9df7,true,2026-06-16T13:03:07.967Z,2026-06-16T13:03:07.967Z,2026-06-16T13:03:07.967Z,srvdc02,,"NESSUS_SCAN, NESSUS_AGENT",host
false,,4.0,2026-05-05T18:30:32.653Z,f111e7f8-7b6b-4142-ab18-ef1aff318b32,true,2026-06-16T13:27:23.699Z,2026-06-16T13:27:23.699Z,2026-06-16T20:46:17.877Z,ntb-pss-028,,NESSUS_AGENT,host
false,,4.0,2026-05-15T18:32:57.649Z,f1b7b720-3aff-4420-b9de-094d2eae8366,true,2026-05-19T13:23:19.951Z,2026-05-19T13:23:19.951Z,2026-05-21T13:03:20.038Z,ntb-com-020,,NESSUS_AGENT,host
false,,4.0,2026-02-12T18:19:03.092Z,f36adf42-4de9-4c7a-9203-811d90c220b8,true,2026-06-15T21:54:10.105Z,2026-06-15T21:54:10.105Z,2026-06-16T12:05:01.600Z,byd-ciso-001,,"ManageEngine, NESSUS_AGENT",host
,,,2026-06-02T12:18:47.000Z,f46bd678-cb42-4bab-a413-59738d4deaf2,false,,,2026-06-02T12:18:47.328Z,10.0.1.23,,NESSUS_SCAN,host
false,,4.0,2024-07-31T21:53:17.000Z,f490ba2c-6219-4690-b1b6-d9b96a726186,true,2025-10-24T12:55:52.248Z,2026-06-08T21:08:36.968Z,2026-06-16T12:12:06.074Z,srvdc01,,"NESSUS_AGENT, NESSUS_SCAN",host
false,,4.0,2025-10-01T14:18:45.430Z,f515cfb7-c600-4daa-8852-bf963e79406a,true,2026-06-16T12:40:55.765Z,2026-06-16T12:40:55.765Z,2026-06-16T13:16:29.850Z,ntb-mss-010,,"ManageEngine, NESSUS_AGENT",host
false,,5.0,2024-08-20T22:03:01.000Z,f762687f-f55b-458d-8b4b-a497c10f383f,true,2026-06-16T13:14:22.191Z,2026-06-16T13:14:22.191Z,2026-06-16T13:14:22.191Z,srvadssf01,,"NESSUS_SCAN, NESSUS_AGENT",host
false,,5.0,2023-11-09T21:06:19.502Z,f779bfc4-e0cf-4934-8f94-ae28393c0c8c,true,2026-06-16T13:04:13.089Z,2026-06-16T13:04:13.089Z,2026-06-16T14:40:23.627Z,srvlab010,,"ManageEngine, NESSUS_SCAN, NESSUS_AGENT",host
,,,2024-08-06T21:07:54.000Z,f8306770-39e9-4d91-a2cf-1923f3aa25c1,false,,2025-06-18T21:56:21.730Z,2026-06-16T12:12:06.074Z,srvdmp01.shield.lab,,NESSUS_SCAN,host
,,,2025-07-15T21:09:14.000Z,f85b2ac8-10a5-48c7-81a9-c1e0b0d82af5,false,,,2026-06-16T12:12:06.074Z,10.0.3.100,,NESSUS_SCAN,host
false,,8.0,2025-05-13T21:09:17.000Z,fba49aca-c3f3-475f-83f9-c99c6d845907,true,2026-06-16T13:11:35.842Z,2026-06-16T13:11:35.842Z,2026-06-16T13:11:35.842Z,srvdhcp01,,"NESSUS_SCAN, NESSUS_AGENT",host
,,,2024-07-16T21:05:13.000Z,fbd04e0f-144e-4557-85b4-7f8550ca0d02,false,,2025-06-18T21:56:21.730Z,2026-06-16T12:10:34.529Z,SRVLAB05,,NESSUS_SCAN,host
,,,2026-05-19T12:08:42.000Z,fd6802d3-5bc1-4f92-9e32-b068dfa13025,false,,,2026-06-16T12:12:06.074Z,srvpsslabad360.shield.lab,,NESSUS_SCAN,host
false,,4.0,2026-03-24T16:34:34.408Z,fe7867d5-4ccc-4f9f-9fb2-ac45e37bf59c,true,2026-06-16T12:53:09.042Z,2026-06-16T12:53:09.042Z,2026-06-16T18:48:38.818Z,ntb-pss-027,,"ManageEngine, NESSUS_AGENT",host
false,,4.0,2026-05-04T11:00:31.624Z,ff08a84e-46ab-42a8-ac5c-8addc3461f95,true,2026-06-16T12:44:16.769Z,2026-06-16T12:44:16.769Z,2026-06-16T12:50:21.165Z,ntb-tic-005,,"ManageEngine, NESSUS_AGENT",host
